,xy,yz,xz
0,"[[-0.02197266 -0.01611328]
 [ 0.00732422  0.00146484]
 [ 0.00732422 -0.02392578]
 [ 0.00732422  0.03857422]
 [-0.02197266 -0.01611328]
 [ 0.00732422  0.00146484]
 [ 0.00732422 -0.02392578]
 [ 0.00732422  0.03857422]
 [ 0.18706597 -0.41948785]
 [ 0.1577691  -0.3218316 ]
 [ 0.12847222 -0.36675347]
 [ 0.1577691  -0.32378472]
 [ 0.1577691  -0.38237847]
 [ 0.1890191  -0.33355035]
 [ 0.1818704  -0.56709559]
 [ 0.18382353 -0.47920496]
 [ 0.18382353 -0.41475184]
 [ 0.2131204  -0.36201746]
 [ 0.18382353 -0.43818934]
 [ 0.18382353 -0.37764246]
 [ 0.20921415 -0.54756434]
 [ 0.2131204  -0.47334559]
 [ 0.18382353 -0.38545496]
 [ 0.2131204  -0.34248621]
 [ 0.18359375 -0.68554688]
 [ 0.18554688 -0.61914062]
 [ 0.21679688 -0.5703125 ]
 [ 0.21484375 -0.51367188]
 [-0.34613715  0.6937934 ]
 [-0.3422309   0.75434028]
 [-0.28949653  0.69965278]
 [-0.32008272  0.60673254]
 [-0.2087546   0.62431066]
 [-0.25953585  0.67704504]
 [-0.2087546   0.62431066]
 [-0.25953585  0.67313879]
 [-0.31617647  0.64579504]]","[[-0.01611328  0.0234375 ]
 [ 0.00146484  0.08789062]
 [-0.02392578 -0.05078125]
 [ 0.03857422 -0.06054688]
 [-0.01611328  0.0234375 ]
 [ 0.00146484  0.08789062]
 [-0.02392578 -0.05078125]
 [ 0.03857422 -0.06054688]
 [-0.41948785  0.02235243]
 [-0.3218316  -0.00108507]
 [-0.36675347  0.02430556]
 [-0.32378472  0.01063368]
 [-0.38237847 -0.01085069]
 [-0.33355035 -0.06553819]
 [-0.56709559  0.12603401]
 [-0.47920496  0.07915901]
 [-0.41475184  0.07915901]
 [-0.36201746  0.02642463]
 [-0.43818934 -0.11420037]
 [-0.37764246 -0.09662224]
 [-0.54756434  0.00103401]
 [-0.47334559 -0.04388787]
 [-0.38545496 -0.04193474]
 [-0.34248621 -0.07904412]
 [-0.68554688  0.09266493]
 [-0.61914062  0.09071181]
 [-0.5703125   0.04969618]
 [-0.51367188  0.08094618]
 [ 0.6937934   0.07118056]
 [ 0.75434028 -0.04991319]
 [ 0.69965278 -0.00108507]
 [ 0.60673254  0.15142463]
 [ 0.62431066 -0.16693474]
 [ 0.67704504 -0.16693474]
 [ 0.62431066 -0.15326287]
 [ 0.67313879 -0.06146599]
 [ 0.64579504  0.19439338]]","[[-0.02197266  0.0234375 ]
 [ 0.00732422  0.08789062]
 [ 0.00732422 -0.05078125]
 [ 0.00732422 -0.06054688]
 [-0.02197266  0.0234375 ]
 [ 0.00732422  0.08789062]
 [ 0.00732422 -0.05078125]
 [ 0.00732422 -0.06054688]
 [ 0.18706597  0.02235243]
 [ 0.1577691  -0.00108507]
 [ 0.12847222  0.02430556]
 [ 0.1577691   0.01063368]
 [ 0.1577691  -0.01085069]
 [ 0.1890191  -0.06553819]
 [ 0.1818704   0.12603401]
 [ 0.18382353  0.07915901]
 [ 0.18382353  0.07915901]
 [ 0.2131204   0.02642463]
 [ 0.18382353 -0.11420037]
 [ 0.18382353 -0.09662224]
 [ 0.20921415  0.00103401]
 [ 0.2131204  -0.04388787]
 [ 0.18382353 -0.04193474]
 [ 0.2131204  -0.07904412]
 [ 0.18359375  0.09266493]
 [ 0.18554688  0.09071181]
 [ 0.21679688  0.04969618]
 [ 0.21484375  0.08094618]
 [-0.34613715  0.07118056]
 [-0.3422309  -0.04991319]
 [-0.28949653 -0.00108507]
 [-0.32008272  0.15142463]
 [-0.2087546  -0.16693474]
 [-0.25953585 -0.16693474]
 [-0.2087546  -0.15326287]
 [-0.25953585 -0.06146599]
 [-0.31617647  0.19439338]]"
1,"[[ 0.21679688 -0.55273438]
 [ 0.17480469 -0.33268229]
 [ 0.14550781 -0.25065104]
 [ 0.14550781 -0.29752604]
 [ 0.17675781 -0.25651042]
 [ 0.25823103 -0.48423549]
 [ 0.25823103 -0.41392299]
 [ 0.18554688 -0.59570312]
 [ 0.14355469 -0.38736979]
 [ 0.11254883 -0.13452148]
 [ 0.0637207  -0.06616211]
 [ 0.06762695 -0.03686523]
 [ 0.12955729  0.22395833]
 [ 0.07291667  0.22591146]
 [ 0.07682292  0.27473958]
 [ 0.18424479  0.21223958]
 [ 0.31777344 -0.815625  ]
 [ 0.28847656 -0.83320313]
 [ 0.38027344 -0.85664063]
 [ 0.31777344 -0.89570313]
 [-0.12949219  0.21171875]
 [-0.18613281  0.20976562]
 [-0.18222656  0.2625    ]]","[[-0.55273438 -0.04405382]
 [-0.33268229  0.04101562]
 [-0.25065104  0.07421875]
 [-0.29752604  0.00585938]
 [-0.25651042 -0.015625  ]
 [-0.48423549  0.05106027]
 [-0.41392299  0.03543527]
 [-0.59570312 -0.00108507]
 [-0.38736979  0.09375   ]
 [-0.13452148 -0.36914062]
 [-0.06616211 -0.31054688]
 [-0.03686523 -0.38671875]
 [ 0.22395833 -0.23470052]
 [ 0.22591146 -0.27571615]
 [ 0.27473958 -0.24446615]
 [ 0.21223958 -0.30501302]
 [-0.815625    0.12265625]
 [-0.83320313  0.01132813]
 [-0.85664063  0.06210938]
 [-0.89570313  0.17929687]
 [ 0.21171875 -0.12148438]
 [ 0.20976562 -0.21328125]
 [ 0.2625     -0.0296875 ]]","[[ 0.21679688 -0.04405382]
 [ 0.17480469  0.04101562]
 [ 0.14550781  0.07421875]
 [ 0.14550781  0.00585938]
 [ 0.17675781 -0.015625  ]
 [ 0.25823103  0.05106027]
 [ 0.25823103  0.03543527]
 [ 0.18554688 -0.00108507]
 [ 0.14355469  0.09375   ]
 [ 0.11254883 -0.36914062]
 [ 0.0637207  -0.31054688]
 [ 0.06762695 -0.38671875]
 [ 0.12955729 -0.23470052]
 [ 0.07291667 -0.27571615]
 [ 0.07682292 -0.24446615]
 [ 0.18424479 -0.30501302]
 [ 0.31777344  0.12265625]
 [ 0.28847656  0.01132813]
 [ 0.38027344  0.06210938]
 [ 0.31777344  0.17929687]
 [-0.12949219 -0.12148438]
 [-0.18613281 -0.21328125]
 [-0.18222656 -0.0296875 ]]"
2,"[[-0.1890346   0.62318638]
 [-0.18512835  0.67006138]
 [-0.19489397  0.57631138]
 [-0.1343471   0.61342076]
 [ 0.2875279  -0.48618862]
 [ 0.28948103 -0.41978237]
 [ 0.35198103 -0.41392299]
 [ 0.41813151 -0.56526693]
 [ 0.38688151 -0.4695638 ]
 [ 0.41813151 -0.5555013 ]
 [ 0.41813151 -0.47932943]
 [ 0.41813151 -0.56526693]
 [ 0.38688151 -0.4695638 ]
 [-0.02083333  0.02278646]
 [ 0.01041667 -0.04166667]
 [ 0.01041667  0.01888021]
 [ 0.11263021  0.42013889]
 [ 0.11263021  0.43576389]
 [ 0.10872396  0.37131076]
 [-0.02913411  0.52848307]
 [-0.02522786  0.56754557]
 [-0.03499349  0.47379557]
 [-0.02913411  0.51676432]
 [-0.02522786  0.56754557]]","[[ 0.62318638 -0.20284598]
 [ 0.67006138 -0.24581473]
 [ 0.57631138 -0.20675223]
 [ 0.61342076 -0.31026786]
 [-0.48618862 -0.03878348]
 [-0.41978237 -0.05050223]
 [-0.41392299 -0.04659598]
 [-0.56526693 -0.0242513 ]
 [-0.4695638  -0.05159505]
 [-0.5555013  -0.0555013 ]
 [-0.47932943 -0.12190755]
 [-0.56526693 -0.0242513 ]
 [-0.4695638  -0.05159505]
 [ 0.02278646  0.06640625]
 [-0.04166667 -0.03515625]
 [ 0.01888021 -0.03125   ]
 [ 0.42013889 -0.60546875]
 [ 0.43576389 -0.4921875 ]
 [ 0.37131076 -0.61328125]
 [ 0.52848307 -0.37972005]
 [ 0.56754557 -0.46565755]
 [ 0.47379557 -0.4539388 ]
 [ 0.51676432 -0.49104818]
 [ 0.56754557 -0.46565755]]","[[-0.1890346  -0.20284598]
 [-0.18512835 -0.24581473]
 [-0.19489397 -0.20675223]
 [-0.1343471  -0.31026786]
 [ 0.2875279  -0.03878348]
 [ 0.28948103 -0.05050223]
 [ 0.35198103 -0.04659598]
 [ 0.41813151 -0.0242513 ]
 [ 0.38688151 -0.05159505]
 [ 0.41813151 -0.0555013 ]
 [ 0.41813151 -0.12190755]
 [ 0.41813151 -0.0242513 ]
 [ 0.38688151 -0.05159505]
 [-0.02083333  0.06640625]
 [ 0.01041667 -0.03515625]
 [ 0.01041667 -0.03125   ]
 [ 0.11263021 -0.60546875]
 [ 0.11263021 -0.4921875 ]
 [ 0.10872396 -0.61328125]
 [-0.02913411 -0.37972005]
 [-0.02522786 -0.46565755]
 [-0.03499349 -0.4539388 ]
 [-0.02913411 -0.49104818]
 [-0.02522786 -0.46565755]]"
3,"[[-0.02913411  0.52848307]
 [-0.02522786  0.56754557]
 [-0.03499349  0.47379557]
 [-0.02913411  0.51676432]
 [-0.02522786  0.56754557]
 [-0.14916992  0.2277832 ]
 [-0.1472168   0.27661133]
 [-0.09057617  0.2668457 ]
 [-0.14331055  0.32348633]
 [-0.28320312  0.42128906]
 [-0.16796875  0.46035156]
 [-0.171875    0.40761719]
 [-0.16796875  0.46035156]
 [-0.16796875  0.45644531]
 [-0.14331055  0.31762695]
 [-0.04174805  0.21801758]
 [-0.171875    0.39394531]
 [ 0.27539062 -0.69394531]
 [ 0.27539062 -0.61191406]
 [ 0.3046875  -0.68613281]
 [ 0.27539062 -0.60800781]]","[[ 0.52848307 -0.37972005]
 [ 0.56754557 -0.46565755]
 [ 0.47379557 -0.4539388 ]
 [ 0.51676432 -0.49104818]
 [ 0.56754557 -0.46565755]
 [ 0.2277832   0.00146484]
 [ 0.27661133 -0.10595703]
 [ 0.2668457  -0.21533203]
 [ 0.32348633 -0.15478516]
 [ 0.42128906 -0.09355469]
 [ 0.46035156 -0.08964844]
 [ 0.40761719 -0.15605469]
 [ 0.46035156 -0.08964844]
 [ 0.45644531 -0.14238281]
 [ 0.31762695  0.07958984]
 [ 0.21801758  0.01123047]
 [ 0.39394531 -0.26738281]
 [-0.69394531  0.27558594]
 [-0.61191406  0.21503906]
 [-0.68613281  0.14277344]
 [-0.60800781  0.20527344]]","[[-0.02913411 -0.37972005]
 [-0.02522786 -0.46565755]
 [-0.03499349 -0.4539388 ]
 [-0.02913411 -0.49104818]
 [-0.02522786 -0.46565755]
 [-0.14916992  0.00146484]
 [-0.1472168  -0.10595703]
 [-0.09057617 -0.21533203]
 [-0.14331055 -0.15478516]
 [-0.28320312 -0.09355469]
 [-0.16796875 -0.08964844]
 [-0.171875   -0.15605469]
 [-0.16796875 -0.08964844]
 [-0.16796875 -0.14238281]
 [-0.14331055  0.07958984]
 [-0.04174805  0.01123047]
 [-0.171875   -0.26738281]
 [ 0.27539062  0.27558594]
 [ 0.27539062  0.21503906]
 [ 0.3046875   0.14277344]
 [ 0.27539062  0.20527344]]"
4,"[[ 0.32009549 -0.79101562]
 [ 0.31814236 -0.703125  ]
 [ 0.37868924 -0.81054688]
 [ 0.34818892 -0.64222301]
 [ 0.34818892 -0.56800426]
 [ 0.3774858  -0.64222301]
 [ 0.34818892 -0.54847301]
 [ 0.34939236 -0.70117188]
 [-0.0443892   0.45933949]
 [-0.0990767   0.45738636]
 [-0.03852983  0.49644886]
 [-0.09517045  0.51402699]
 [-0.00195312  0.01757812]
 [-0.09785156  0.00195312]
 [ 0.01152344  0.03515625]
 [ 0.00390625 -0.03320312]
 [-0.00195312  0.015625  ]
 [-0.08789062  0.00878906]
 [ 0.08789062 -0.00878906]
 [-0.03925781  0.109375  ]
 [-0.03535156  0.15820312]
 [-0.09394531  0.11132812]
 [-0.04121094  0.06445312]
 [-0.08684896 -0.01106771]]","[[-0.79101562  0.29513889]
 [-0.703125    0.22287326]
 [-0.81054688  0.19357639]
 [-0.64222301  0.03036222]
 [-0.56800426 -0.00479403]
 [-0.64222301 -0.06143466]
 [-0.54847301 -0.09073153]
 [-0.70117188  0.07638889]
 [ 0.45933949 -0.31534091]
 [ 0.45738636 -0.40518466]
 [ 0.49644886 -0.41690341]
 [ 0.51402699 -0.27041903]
 [ 0.01757812  0.18489583]
 [ 0.00195312  0.19902344]
 [ 0.03515625  0.24199219]
 [-0.03320312 -0.11588542]
 [ 0.015625   -0.06901042]
 [ 0.00878906  0.05761719]
 [-0.00878906 -0.05761719]
 [ 0.109375    0.02324219]
 [ 0.15820312 -0.03925781]
 [ 0.11132812  0.05449219]
 [ 0.06445312 -0.00410156]
 [-0.01106771  0.04127604]]","[[ 0.32009549  0.29513889]
 [ 0.31814236  0.22287326]
 [ 0.37868924  0.19357639]
 [ 0.34818892  0.03036222]
 [ 0.34818892 -0.00479403]
 [ 0.3774858  -0.06143466]
 [ 0.34818892 -0.09073153]
 [ 0.34939236  0.07638889]
 [-0.0443892  -0.31534091]
 [-0.0990767  -0.40518466]
 [-0.03852983 -0.41690341]
 [-0.09517045 -0.27041903]
 [-0.00195312  0.18489583]
 [-0.09785156  0.19902344]
 [ 0.01152344  0.24199219]
 [ 0.00390625 -0.11588542]
 [-0.00195312 -0.06901042]
 [-0.08789062  0.05761719]
 [ 0.08789062 -0.05761719]
 [-0.03925781  0.02324219]
 [-0.03535156 -0.03925781]
 [-0.09394531  0.05449219]
 [-0.04121094 -0.00410156]
 [-0.08684896  0.04127604]]"
5,"[[-0.03216146 -0.06966146]
 [ 0.02447917 -0.01692708]
 [ 0.02838542  0.03190104]
 [-0.03020833 -0.01888021]
 [-0.03020833  0.01627604]
 [ 0.02252604 -0.05989583]
 [-0.00182292  0.00143229]
 [-0.05651042  0.03072917]
 [ 0.02838542  0.02604167]
 [ 0.08111979 -0.01888021]
 [ 0.08502604  0.02799479]
 [ 0.14752604  0.06315104]
 [ 0.05286458  0.03658854]
 [ 0.05481771  0.08541667]
 [-0.03020833 -0.02278646]
 [ 0.22864583  0.11276042]
 [-0.05651042  0.18307292]
 [-0.08684896  0.12760417]
 [-0.05651042  0.22799479]
 [-0.08383789  0.21313477]
 [-0.02915039  0.20532227]
 [-0.02719727  0.26782227]
 [-0.02329102  0.31860352]]","[[-0.06966146  0.17018229]
 [-0.01692708  0.09401042]
 [ 0.03190104  0.05690104]
 [-0.01888021  0.12721354]
 [ 0.01627604  0.22291667]
 [-0.05989583 -0.00755208]
 [ 0.00143229  0.18489583]
 [ 0.03072917  0.26692708]
 [ 0.02604167 -0.23020833]
 [-0.01888021 -0.12864583]
 [ 0.02799479 -0.13450521]
 [ 0.06315104 -0.20481771]
 [ 0.03658854 -0.09244792]
 [ 0.08541667 -0.12955729]
 [-0.02278646 -0.26927083]
 [ 0.11276042 -0.22721354]
 [ 0.18307292 -0.19205729]
 [ 0.12760417 -0.15989583]
 [ 0.22799479 -0.27994792]
 [ 0.21313477  0.28515625]
 [ 0.20532227  0.31640625]
 [ 0.26782227  0.21679688]
 [ 0.31860352  0.17773438]]","[[-0.03216146  0.17018229]
 [ 0.02447917  0.09401042]
 [ 0.02838542  0.05690104]
 [-0.03020833  0.12721354]
 [-0.03020833  0.22291667]
 [ 0.02252604 -0.00755208]
 [-0.00182292  0.18489583]
 [-0.05651042  0.26692708]
 [ 0.02838542 -0.23020833]
 [ 0.08111979 -0.12864583]
 [ 0.08502604 -0.13450521]
 [ 0.14752604 -0.20481771]
 [ 0.05286458 -0.09244792]
 [ 0.05481771 -0.12955729]
 [-0.03020833 -0.26927083]
 [ 0.22864583 -0.22721354]
 [-0.05651042 -0.19205729]
 [-0.08684896 -0.15989583]
 [-0.05651042 -0.27994792]
 [-0.08383789  0.28515625]
 [-0.02915039  0.31640625]
 [-0.02719727  0.21679688]
 [-0.02329102  0.17773438]]"
6,"[[-0.02719727  0.25024414]
 [-0.08383789  0.19165039]
 [-0.02329102  0.30688477]
 [ 0.20522461  0.29516602]
 [ 0.21303711  0.34008789]
 [ 0.22280273  0.38891602]
 [ 0.14077148  0.26000977]
 [ 0.20522461  0.29711914]
 [ 0.27163086  0.33227539]
 [ 0.08413086  0.26977539]
 [ 0.20522461  0.29907227]
 [ 0.21303711  0.34399414]
 [ 0.14849029  0.16881334]
 [ 0.21684966  0.19811022]
 [ 0.02358398  0.22680664]
 [ 0.22280273  0.38696289]
 [ 0.14067779  0.12193834]
 [-0.49008789 -1.12866211]
 [-0.49985352 -1.13061523]
 [-0.49008789 -1.10522461]
 [-0.04096284  0.04186022]
 [-0.03510346  0.07701647]
 [-0.03305664  0.17016602]
 [-0.09760346  0.00475084]
 [-0.09760346 -0.01868666]]","[[ 0.25024414  0.33398438]
 [ 0.19165039  0.39648438]
 [ 0.30688477  0.27539062]
 [ 0.29516602 -0.08789062]
 [ 0.34008789 -0.12109375]
 [ 0.38891602 -0.046875  ]
 [ 0.26000977 -0.078125  ]
 [ 0.29711914 -0.078125  ]
 [ 0.33227539 -0.03320312]
 [ 0.26977539  0.01171875]
 [ 0.29907227  0.015625  ]
 [ 0.34399414  0.0703125 ]
 [ 0.16881334 -0.02042863]
 [ 0.19811022  0.05183699]
 [ 0.22680664  0.0859375 ]
 [ 0.38696289  0.11914062]
 [ 0.12193834 -0.02433488]
 [-1.12866211  1.81054688]
 [-1.13061523  1.85742188]
 [-1.10522461  1.8046875 ]
 [ 0.04186022  0.11043074]
 [ 0.07701647  0.18660262]
 [ 0.17016602  0.23632812]
 [ 0.00475084  0.05379012]
 [-0.01868666  0.21394637]]","[[-0.02719727  0.33398438]
 [-0.08383789  0.39648438]
 [-0.02329102  0.27539062]
 [ 0.20522461 -0.08789062]
 [ 0.21303711 -0.12109375]
 [ 0.22280273 -0.046875  ]
 [ 0.14077148 -0.078125  ]
 [ 0.20522461 -0.078125  ]
 [ 0.27163086 -0.03320312]
 [ 0.08413086  0.01171875]
 [ 0.20522461  0.015625  ]
 [ 0.21303711  0.0703125 ]
 [ 0.14849029 -0.02042863]
 [ 0.21684966  0.05183699]
 [ 0.02358398  0.0859375 ]
 [ 0.22280273  0.11914062]
 [ 0.14067779 -0.02433488]
 [-0.49008789  1.81054688]
 [-0.49985352  1.85742188]
 [-0.49008789  1.8046875 ]
 [-0.04096284  0.11043074]
 [-0.03510346  0.18660262]
 [-0.03305664  0.23632812]
 [-0.09760346  0.05379012]
 [-0.09760346  0.21394637]]"
7,"[[-0.04096284  0.02818834]
 [-0.03510346  0.08287584]
 [-0.03119721  0.13365709]
 [-0.02729096  0.17467272]
 [-0.15033784 -0.02259291]
 [-0.09369721  0.01256334]
 [-0.09174409  0.06139147]
 [-0.08783784  0.11998522]
 [-0.08588471  0.16100084]
 [ 0.13091216  0.07115709]
 [ 0.19731841  0.09264147]
 [ 0.14849029  0.14537584]
 [ 0.18755279  0.06725084]
 [ 0.19731841  0.11021959]
 [ 0.14849029  0.16100084]
 [ 0.15825591  0.18248522]
 [-0.04096284  0.05553209]
 [ 0.07622466  0.08678209]
 [ 0.14067779  0.12193834]
 [ 0.14849029  0.16686022]
 [ 0.21684966  0.17271959]
 [-0.04486909 -0.00306166]
 [-0.04096284  0.05357897]
 [ 0.01958404  0.09459459]
 [ 0.08208404  0.13365709]
 [ 0.14849029  0.16881334]
 [ 0.21684966  0.19420397]
 [-0.08032746  0.06258311]
 [-0.02368684  0.09969249]
 [ 0.03686004  0.14461436]
 [ 0.04271941  0.19539561]
 [-0.02759309  0.03523936]
 [-0.07642121  0.08211436]]","[[ 0.02818834  0.19832137]
 [ 0.08287584  0.15730574]
 [ 0.13365709  0.13191512]
 [ 0.17467272  0.17488387]
 [-0.02259291  0.24714949]
 [ 0.01256334  0.29402449]
 [ 0.06139147  0.28425887]
 [ 0.11998522  0.23347762]
 [ 0.16100084  0.26668074]
 [ 0.07115709 -0.27824113]
 [ 0.09264147 -0.38175676]
 [ 0.14537584 -0.42081926]
 [ 0.06725084 -0.13956926]
 [ 0.11021959 -0.22160051]
 [ 0.16100084 -0.29386613]
 [ 0.18248522 -0.47355363]
 [ 0.05553209 -0.08488176]
 [ 0.08678209 -0.18839738]
 [ 0.12193834 -0.20011613]
 [ 0.16686022 -0.24308488]
 [ 0.17271959 -0.45402238]
 [-0.00306166  0.08699324]
 [ 0.05357897 -0.03995988]
 [ 0.09459459 -0.18253801]
 [ 0.13365709 -0.18058488]
 [ 0.16881334 -0.18839738]
 [ 0.19420397 -0.31730363]
 [ 0.06258311 -0.12454289]
 [ 0.09969249 -0.06399601]
 [ 0.14461436 -0.10501164]
 [ 0.19539561 -0.15774601]
 [ 0.03523936  0.02975399]
 [ 0.08211436  0.06491024]]","[[-0.04096284  0.19832137]
 [-0.03510346  0.15730574]
 [-0.03119721  0.13191512]
 [-0.02729096  0.17488387]
 [-0.15033784  0.24714949]
 [-0.09369721  0.29402449]
 [-0.09174409  0.28425887]
 [-0.08783784  0.23347762]
 [-0.08588471  0.26668074]
 [ 0.13091216 -0.27824113]
 [ 0.19731841 -0.38175676]
 [ 0.14849029 -0.42081926]
 [ 0.18755279 -0.13956926]
 [ 0.19731841 -0.22160051]
 [ 0.14849029 -0.29386613]
 [ 0.15825591 -0.47355363]
 [-0.04096284 -0.08488176]
 [ 0.07622466 -0.18839738]
 [ 0.14067779 -0.20011613]
 [ 0.14849029 -0.24308488]
 [ 0.21684966 -0.45402238]
 [-0.04486909  0.08699324]
 [-0.04096284 -0.03995988]
 [ 0.01958404 -0.18253801]
 [ 0.08208404 -0.18058488]
 [ 0.14849029 -0.18839738]
 [ 0.21684966 -0.31730363]
 [-0.08032746 -0.12454289]
 [-0.02368684 -0.06399601]
 [ 0.03686004 -0.10501164]
 [ 0.04271941 -0.15774601]
 [-0.02759309  0.02975399]
 [-0.07642121  0.06491024]]"
8,"[[-0.01782746  0.10945811]
 [-0.01392121  0.16023936]
 [-0.07642121  0.05867686]
 [-0.01782746  0.07430186]
 [-0.07056184  0.17000499]
 [-0.13306184  0.00984874]
 [ 0.14818816  0.12703624]
 [ 0.15795379  0.17000499]
 [ 0.14037566  0.08992686]
 [ 0.20482879  0.12312999]
 [ 0.21459441  0.16609874]
 [ 0.16576629  0.21297374]
 [ 0.14818816  0.13680186]
 [ 0.15795379  0.18172374]
 [ 0.16576629  0.22664561]
 [ 0.20482879  0.12312999]
 [ 0.21459441  0.16805186]
 [ 0.22436004  0.21687999]
 [ 0.03100066  0.10750499]
 [ 0.14818816  0.13680186]
 [ 0.21459441  0.17000499]
 [ 0.22436004  0.21687999]
 [-0.02368684  0.10750499]
 [ 0.09350066  0.14070811]
 [ 0.15795379  0.17977061]
 [ 0.16576629  0.22664561]
 [-0.08032746  0.05867686]
 [-0.46509309 -0.86710439]
 [-0.52954621 -0.85929189]
 [-0.53735871 -0.83390126]
 [-0.53735871 -0.76163564]]","[[ 0.10945811  0.13522274]
 [ 0.16023936  0.11959774]
 [ 0.05867686  0.15866024]
 [ 0.07430186  0.25241024]
 [ 0.17000499  0.10006649]
 [ 0.00984874  0.17037899]
 [ 0.12703624 -0.47610539]
 [ 0.17000499 -0.50149601]
 [ 0.08992686 -0.27298039]
 [ 0.12312999 -0.39212101]
 [ 0.16609874 -0.40969914]
 [ 0.21297374 -0.52493351]
 [ 0.13680186 -0.26126164]
 [ 0.18172374 -0.32571476]
 [ 0.22664561 -0.35696476]
 [ 0.12312999 -0.36868351]
 [ 0.16805186 -0.38235539]
 [ 0.21687999 -0.33548039]
 [ 0.10750499 -0.24563664]
 [ 0.13680186 -0.26516789]
 [ 0.17000499 -0.27883976]
 [ 0.21687999 -0.27688664]
 [ 0.10750499 -0.15188664]
 [ 0.14070811 -0.14212101]
 [ 0.17977061 -0.18508976]
 [ 0.22664561 -0.19680851]
 [ 0.05867686 -0.07962101]
 [-0.86710439  1.30319149]
 [-0.85929189  1.33834774]
 [-0.83390126  1.37936336]
 [-0.76163564  1.34225399]]","[[-0.01782746  0.13522274]
 [-0.01392121  0.11959774]
 [-0.07642121  0.15866024]
 [-0.01782746  0.25241024]
 [-0.07056184  0.10006649]
 [-0.13306184  0.17037899]
 [ 0.14818816 -0.47610539]
 [ 0.15795379 -0.50149601]
 [ 0.14037566 -0.27298039]
 [ 0.20482879 -0.39212101]
 [ 0.21459441 -0.40969914]
 [ 0.16576629 -0.52493351]
 [ 0.14818816 -0.26126164]
 [ 0.15795379 -0.32571476]
 [ 0.16576629 -0.35696476]
 [ 0.20482879 -0.36868351]
 [ 0.21459441 -0.38235539]
 [ 0.22436004 -0.33548039]
 [ 0.03100066 -0.24563664]
 [ 0.14818816 -0.26516789]
 [ 0.21459441 -0.27883976]
 [ 0.22436004 -0.27688664]
 [-0.02368684 -0.15188664]
 [ 0.09350066 -0.14212101]
 [ 0.15795379 -0.18508976]
 [ 0.16576629 -0.19680851]
 [-0.08032746 -0.07962101]
 [-0.46509309  1.30319149]
 [-0.52954621  1.33834774]
 [-0.53735871  1.37936336]
 [-0.53735871  1.34225399]]"
9,"[[-0.06575521  0.15611979]
 [-0.00911458  0.21276042]
 [ 0.05143229  0.24205729]
 [-0.06575521  0.14440104]
 [-0.00911458  0.17955729]
 [-0.11458333  0.23229167]
 [ 0.00065104  0.31236979]
 [ 0.00455729  0.34752604]
 [ 0.00065104  0.29869792]
 [ 0.00455729  0.33190104]
 [ 0.0840595   0.28598257]
 [-0.11653646  0.22838542]
 [ 0.154372    0.36996695]
 [ 0.11393229  0.30455729]
 [ 0.06315104  0.36510417]
 [ 0.17252604  0.30260417]
 [ 0.18033854  0.34947917]
 [ 0.10807292  0.26549479]
 [ 0.11393229  0.31041667]
 [ 0.12174479  0.34752604]
 [ 0.1465595   0.32309195]
 [ 0.16276042  0.25572917]
 [-0.0878155   0.0769982 ]
 [-0.06575521  0.19127604]
 [-0.0409405   0.01645132]]","[[ 0.15611979 -0.09114583]
 [ 0.21276042 -0.16927083]
 [ 0.24205729 -0.09700521]
 [ 0.14440104 -0.03841146]
 [ 0.17955729 -0.00716146]
 [ 0.23229167  0.00651042]
 [ 0.31236979 -0.20247396]
 [ 0.34752604 -0.12044271]
 [ 0.29869792 -0.11653646]
 [ 0.33190104 -0.03645833]
 [ 0.28598257 -0.01956881]
 [ 0.22838542 -0.22981771]
 [ 0.36996695 -0.00589694]
 [ 0.30455729 -0.26692708]
 [ 0.36510417 -0.33528646]
 [ 0.30260417 -0.47395833]
 [ 0.34947917 -0.40169271]
 [ 0.26549479 -0.37239583]
 [ 0.31041667 -0.34114583]
 [ 0.34752604 -0.22395833]
 [ 0.32309195 -0.19730319]
 [ 0.25572917 -0.51497396]
 [ 0.0769982  -0.43753756]
 [ 0.19127604 -0.47591146]
 [ 0.01645132 -0.48050631]]","[[-0.06575521 -0.09114583]
 [-0.00911458 -0.16927083]
 [ 0.05143229 -0.09700521]
 [-0.06575521 -0.03841146]
 [-0.00911458 -0.00716146]
 [-0.11458333  0.00651042]
 [ 0.00065104 -0.20247396]
 [ 0.00455729 -0.12044271]
 [ 0.00065104 -0.11653646]
 [ 0.00455729 -0.03645833]
 [ 0.0840595  -0.01956881]
 [-0.11653646 -0.22981771]
 [ 0.154372   -0.00589694]
 [ 0.11393229 -0.26692708]
 [ 0.06315104 -0.33528646]
 [ 0.17252604 -0.47395833]
 [ 0.18033854 -0.40169271]
 [ 0.10807292 -0.37239583]
 [ 0.11393229 -0.34114583]
 [ 0.12174479 -0.22395833]
 [ 0.1465595  -0.19730319]
 [ 0.16276042 -0.51497396]
 [-0.0878155  -0.43753756]
 [-0.06575521 -0.47591146]
 [-0.0409405  -0.48050631]]"
10,"[[-0.04484675  0.01059195]
 [-0.0409405   0.04770132]
 [-0.03898738  0.09652945]
 [-0.13859675  0.00863882]
 [-0.08976863  0.05942007]
 [-0.13859675  0.09848257]
 [ 0.029372    0.19027945]
 [ 0.01960637  0.0769982 ]
 [-0.02922175  0.11996695]
 [ 0.08991887  0.33285757]
 [ 0.08991887  0.3348107 ]
 [ 0.20515325  0.30551382]
 [ 0.154372    0.36996695]
 [ 0.20515325  0.31332632]
 [ 0.154372    0.36996695]
 [ 0.10163762  0.42660757]
 [ 0.25202825  0.2488732 ]
 [ 0.1465595   0.3269982 ]
 [ 0.154372    0.37192007]
 [ 0.10163762  0.42660757]
 [ 0.14070012  0.2644982 ]
 [-0.13859675  0.42660757]
 [-0.07804988  0.43442007]
 [-0.13859675  0.48520132]
 [-0.13859675  0.36410757]
 [ 0.01960637  0.18832632]
 [-0.0878155   0.14926382]
 [ 0.02351262  0.2410607 ]]","[[ 0.01059195 -0.23636569]
 [ 0.04770132 -0.32620944]
 [ 0.09652945 -0.31644381]
 [ 0.00863882 -0.29300631]
 [ 0.05942007 -0.24222506]
 [ 0.09848257 -0.31839694]
 [ 0.19027945  0.49800931]
 [ 0.0769982   0.53316556]
 [ 0.11996695  0.56050931]
 [ 0.33285757 -0.14652194]
 [ 0.3348107  -0.10355319]
 [ 0.30551382 -0.29495944]
 [ 0.36996695 -0.20706881]
 [ 0.31332632 -0.20316256]
 [ 0.36996695 -0.20706881]
 [ 0.42660757 -0.14652194]
 [ 0.2488732  -0.27542819]
 [ 0.3269982  -0.07620944]
 [ 0.37192007 -0.07620944]
 [ 0.42660757 -0.09964694]
 [ 0.2644982  -0.33988131]
 [ 0.42660757 -0.34183444]
 [ 0.43442007 -0.25589694]
 [ 0.48520132 -0.24027194]
 [ 0.36410757 -0.43753756]
 [ 0.18832632  0.10933744]
 [ 0.14926382  0.08589994]
 [ 0.2410607   0.03902494]]","[[-0.04484675 -0.23636569]
 [-0.0409405  -0.32620944]
 [-0.03898738 -0.31644381]
 [-0.13859675 -0.29300631]
 [-0.08976863 -0.24222506]
 [-0.13859675 -0.31839694]
 [ 0.029372    0.49800931]
 [ 0.01960637  0.53316556]
 [-0.02922175  0.56050931]
 [ 0.08991887 -0.14652194]
 [ 0.08991887 -0.10355319]
 [ 0.20515325 -0.29495944]
 [ 0.154372   -0.20706881]
 [ 0.20515325 -0.20316256]
 [ 0.154372   -0.20706881]
 [ 0.10163762 -0.14652194]
 [ 0.25202825 -0.27542819]
 [ 0.1465595  -0.07620944]
 [ 0.154372   -0.07620944]
 [ 0.10163762 -0.09964694]
 [ 0.14070012 -0.33988131]
 [-0.13859675 -0.34183444]
 [-0.07804988 -0.25589694]
 [-0.13859675 -0.24027194]
 [-0.13859675 -0.43753756]
 [ 0.01960637  0.10933744]
 [-0.0878155   0.08589994]
 [ 0.02351262  0.03902494]]"
11,"[[ 0.88679387 -1.47964243]
 [ 0.86335637 -1.47964243]
 [ 0.83796575 -1.47964243]
 [-0.0878155   0.0769982 ]
 [-0.04484675  0.01059195]
 [-0.0409405   0.04770132]
 [-0.03898738  0.09652945]
 [-0.13859675  0.00863882]
 [-0.08976863  0.05942007]
 [-0.13859675  0.09848257]
 [-0.0409405   0.01645132]
 [-0.033128    0.18442007]
 [-0.02922175  0.22934195]
 [-0.0878155   0.14926382]
 [ 0.0840595   0.28598257]
 [ 0.1465595   0.32309195]
 [ 0.154372    0.36996695]
 [ 0.08991887  0.33285757]
 [ 0.09577825  0.37192007]
 [ 0.08991887  0.3348107 ]
 [ 0.09577825  0.36215445]
 [ 0.029372    0.19027945]
 [ 0.01960637  0.0769982 ]
 [-0.02922175  0.11996695]
 [-0.13859675  0.42660757]
 [-0.07804988  0.43442007]
 [-0.13859675  0.48520132]
 [-0.13859675  0.36410757]]","[[-1.47964243  1.43746244]
 [-1.47964243  1.54879056]
 [-1.47964243  1.53902494]
 [ 0.0769982  -0.43753756]
 [ 0.01059195 -0.23636569]
 [ 0.04770132 -0.32620944]
 [ 0.09652945 -0.31644381]
 [ 0.00863882 -0.29300631]
 [ 0.05942007 -0.24222506]
 [ 0.09848257 -0.31839694]
 [ 0.01645132 -0.48050631]
 [ 0.18442007  0.16597806]
 [ 0.22934195  0.17183744]
 [ 0.14926382  0.08589994]
 [ 0.28598257 -0.01956881]
 [ 0.32309195 -0.19730319]
 [ 0.36996695 -0.00589694]
 [ 0.33285757 -0.14652194]
 [ 0.37192007  0.08199369]
 [ 0.3348107  -0.10355319]
 [ 0.36215445  0.15621244]
 [ 0.19027945  0.49800931]
 [ 0.0769982   0.53316556]
 [ 0.11996695  0.56050931]
 [ 0.42660757 -0.34183444]
 [ 0.43442007 -0.25589694]
 [ 0.48520132 -0.24027194]
 [ 0.36410757 -0.43753756]]","[[ 0.88679387  1.43746244]
 [ 0.86335637  1.54879056]
 [ 0.83796575  1.53902494]
 [-0.0878155  -0.43753756]
 [-0.04484675 -0.23636569]
 [-0.0409405  -0.32620944]
 [-0.03898738 -0.31644381]
 [-0.13859675 -0.29300631]
 [-0.08976863 -0.24222506]
 [-0.13859675 -0.31839694]
 [-0.0409405  -0.48050631]
 [-0.033128    0.16597806]
 [-0.02922175  0.17183744]
 [-0.0878155   0.08589994]
 [ 0.0840595  -0.01956881]
 [ 0.1465595  -0.19730319]
 [ 0.154372   -0.00589694]
 [ 0.08991887 -0.14652194]
 [ 0.09577825  0.08199369]
 [ 0.08991887 -0.10355319]
 [ 0.09577825  0.15621244]
 [ 0.029372    0.49800931]
 [ 0.01960637  0.53316556]
 [-0.02922175  0.56050931]
 [-0.13859675 -0.34183444]
 [-0.07804988 -0.25589694]
 [-0.13859675 -0.24027194]
 [-0.13859675 -0.43753756]]"
12,"[[ 0.20515325  0.30551382]
 [ 0.154372    0.36996695]
 [ 0.20515325  0.31332632]
 [ 0.154372    0.36996695]
 [ 0.10163762  0.42660757]
 [ 0.01960637  0.18832632]
 [ 0.02351262  0.2410607 ]
 [ 0.25202825  0.2488732 ]
 [ 0.1465595   0.3269982 ]
 [ 0.154372    0.37192007]
 [ 0.10163762  0.42660757]
 [ 0.03359375  0.16328125]
 [-0.01523437  0.20820313]
 [ 0.09804688  0.25898438]
 [ 0.16054688  0.29414063]
 [-0.01914062  0.13984375]
 [-0.01523437  0.18476563]
 [ 0.04335938  0.2296875 ]
 [-0.009375    0.29023438]
 [ 0.1546875   0.2453125 ]
 [-0.06601562  0.34101563]
 [ 0.146875    0.18867188]
 [-0.01328125  0.19648438]
 [-0.06796875  0.26289063]
 [-0.06992187  0.13984375]
 [-0.12460937  0.31757813]]","[[ 0.30551382 -0.29495944]
 [ 0.36996695 -0.20706881]
 [ 0.31332632 -0.20316256]
 [ 0.36996695 -0.20706881]
 [ 0.42660757 -0.14652194]
 [ 0.18832632  0.10933744]
 [ 0.2410607   0.03902494]
 [ 0.2488732  -0.27542819]
 [ 0.3269982  -0.07620944]
 [ 0.37192007 -0.07620944]
 [ 0.42660757 -0.09964694]
 [ 0.16328125  0.08945312]
 [ 0.20820313  0.13242187]
 [ 0.25898438 -0.0296875 ]
 [ 0.29414063  0.03867187]
 [ 0.13984375  0.2515625 ]
 [ 0.18476563  0.26328125]
 [ 0.2296875   0.25351563]
 [ 0.29023438  0.20859375]
 [ 0.2453125  -0.27773437]
 [ 0.34101563  0.2046875 ]
 [ 0.18867188 -0.35      ]
 [ 0.19648438  0.40585938]
 [ 0.26289063  0.353125  ]
 [ 0.13984375  0.43710938]
 [ 0.31757813  0.32578125]]","[[ 0.20515325 -0.29495944]
 [ 0.154372   -0.20706881]
 [ 0.20515325 -0.20316256]
 [ 0.154372   -0.20706881]
 [ 0.10163762 -0.14652194]
 [ 0.01960637  0.10933744]
 [ 0.02351262  0.03902494]
 [ 0.25202825 -0.27542819]
 [ 0.1465595  -0.07620944]
 [ 0.154372   -0.07620944]
 [ 0.10163762 -0.09964694]
 [ 0.03359375  0.08945312]
 [-0.01523437  0.13242187]
 [ 0.09804688 -0.0296875 ]
 [ 0.16054688  0.03867187]
 [-0.01914062  0.2515625 ]
 [-0.01523437  0.26328125]
 [ 0.04335938  0.25351563]
 [-0.009375    0.20859375]
 [ 0.1546875  -0.27773437]
 [-0.06601562  0.2046875 ]
 [ 0.146875   -0.35      ]
 [-0.01328125  0.40585938]
 [-0.06796875  0.353125  ]
 [-0.06992187  0.43710938]
 [-0.12460937  0.32578125]]"
13,"[[ 0.21914063  0.284375  ]
 [ 0.16835938  0.34492188]
 [ 0.115625    0.39960938]
 [ 0.146875    0.20625   ]
 [ 0.1546875   0.25117188]
 [ 0.16054688  0.29804688]
 [ 0.16835938  0.34492188]
 [-0.23884549  0.17565104]
 [-0.23884549  0.22643229]
 [-0.18806424  0.28697917]
 [-0.23884549  0.19127604]
 [-0.23884549  0.23619792]
 [-0.23884549  0.28307292]
 [-0.23884549  0.19713542]
 [-0.23884549  0.24596354]
 [-0.18806424  0.28893229]
 [-0.23884549  0.24791667]
 [-0.18025174  0.57018229]
 [-0.12947049  0.39830729]
 [-0.07087674  0.45885417]
 [-0.12361111  0.51940104]
 [-0.18025174  0.55846354]
 [-0.12361111  0.49986979]
 [-0.01618924  0.45885417]
 [-0.07087674  0.42174479]]","[[ 0.284375   -0.23867188]
 [ 0.34492188 -0.1234375 ]
 [ 0.39960938 -0.0296875 ]
 [ 0.20625    -0.13710938]
 [ 0.25117188 -0.1625    ]
 [ 0.29804688 -0.13710938]
 [ 0.34492188 -0.07851563]
 [ 0.17565104 -0.63415799]
 [ 0.22643229 -0.61267361]
 [ 0.28697917 -0.52282986]
 [ 0.19127604 -0.53845486]
 [ 0.23619792 -0.55212674]
 [ 0.28307292 -0.55798611]
 [ 0.19713542 -0.48962674]
 [ 0.24596354 -0.47400174]
 [ 0.28893229 -0.51501736]
 [ 0.24791667 -0.44275174]
 [ 0.57018229 -0.15564236]
 [ 0.39830729  0.02599826]
 [ 0.45885417 -0.07751736]
 [ 0.51940104 -0.14001736]
 [ 0.55846354 -0.05798611]
 [ 0.49986979 -0.00329861]
 [ 0.45885417 -0.10876736]
 [ 0.42174479  0.11193576]]","[[ 0.21914063 -0.23867188]
 [ 0.16835938 -0.1234375 ]
 [ 0.115625   -0.0296875 ]
 [ 0.146875   -0.13710938]
 [ 0.1546875  -0.1625    ]
 [ 0.16054688 -0.13710938]
 [ 0.16835938 -0.07851563]
 [-0.23884549 -0.63415799]
 [-0.23884549 -0.61267361]
 [-0.18806424 -0.52282986]
 [-0.23884549 -0.53845486]
 [-0.23884549 -0.55212674]
 [-0.23884549 -0.55798611]
 [-0.23884549 -0.48962674]
 [-0.23884549 -0.47400174]
 [-0.18806424 -0.51501736]
 [-0.23884549 -0.44275174]
 [-0.18025174 -0.15564236]
 [-0.12947049  0.02599826]
 [-0.07087674 -0.07751736]
 [-0.12361111 -0.14001736]
 [-0.18025174 -0.05798611]
 [-0.12361111 -0.00329861]
 [-0.01618924 -0.10876736]
 [-0.07087674  0.11193576]]"
14,"[[ 0.76310764 -1.29505208]
 [ 0.73771701 -1.29505208]
 [ 0.71037326 -1.29505208]
 [ 0.71037326 -1.29505208]
 [-0.01618924  0.46471354]
 [-0.01032986  0.51549479]
 [-0.11969151  0.42923678]
 [-0.10992588  0.5327524 ]
 [-0.11969151  0.40189303]
 [-0.11578526  0.44290865]
 [-0.05719151  0.47611178]
 [-0.05328526  0.50345553]
 [-0.17242588  0.39408053]
 [-0.11578526  0.42728365]
 [-0.11383213  0.4624399 ]
 [-0.16851963  0.4936899 ]
 [-0.16656651  0.59134615]
 [-0.16461338  0.56009615]]","[[-1.29505208  1.20177951]
 [-1.29505208  1.23693576]
 [-1.29505208  1.20177951]
 [-1.29505208  1.20373264]
 [ 0.46471354 -0.49743924]
 [ 0.51549479 -0.43884549]
 [ 0.42923678 -0.44195713]
 [ 0.5327524   0.02679287]
 [ 0.40189303 -0.03766026]
 [ 0.44290865  0.00140224]
 [ 0.47611178  0.04632412]
 [ 0.50345553  0.13226162]
 [ 0.39408053  0.01116787]
 [ 0.42728365  0.06390224]
 [ 0.4624399   0.11468349]
 [ 0.4936899   0.18694912]
 [ 0.59134615 -0.01812901]
 [ 0.56009615  0.28655849]]","[[ 0.76310764  1.20177951]
 [ 0.73771701  1.23693576]
 [ 0.71037326  1.20177951]
 [ 0.71037326  1.20373264]
 [-0.01618924 -0.49743924]
 [-0.01032986 -0.43884549]
 [-0.11969151 -0.44195713]
 [-0.10992588  0.02679287]
 [-0.11969151 -0.03766026]
 [-0.11578526  0.00140224]
 [-0.05719151  0.04632412]
 [-0.05328526  0.13226162]
 [-0.17242588  0.01116787]
 [-0.11578526  0.06390224]
 [-0.11383213  0.11468349]
 [-0.16851963  0.18694912]
 [-0.16656651 -0.01812901]
 [-0.16461338  0.28655849]]"
15,"[[ 0.06780849  0.59915865]
 [ 0.05999599  0.55423678]
 [ 0.05999599  0.55033053]
 [ 0.06780849  0.5952524 ]
 [-0.06305088  0.23392428]
 [-0.01045186  0.21457981]
 [-0.06513936  0.24778294]
 [-0.00250401  0.48197115]
 [-0.05537373  0.40207981]
 [-0.11006123  0.45481419]
 [-0.05537373  0.40012669]
 [ 0.05413662  0.46439303]
 [-0.16865498  0.45872044]
 [ 0.80413662 -1.25240385]
 [ 0.82952724 -1.25240385]
 [ 0.77679287 -1.25240385]
 [ 0.85882412 -1.25240385]
 [-0.22724873  0.03879856]
 [-0.22724873  0.10325169]
 [-0.17646748  0.15989231]
 [-0.22724873  0.05637669]
 [-0.22724873  0.10520481]
 [-0.22724873  0.15207981]
 [-0.22724873  0.21457981]]","[[ 0.59915865 -0.28766026]
 [ 0.55423678 -0.37164463]
 [ 0.55033053 -0.44391026]
 [ 0.5952524  -0.23492588]
 [ 0.23392428  0.52679287]
 [ 0.21457981  0.49387669]
 [ 0.24778294  0.40793919]
 [ 0.48197115 -0.01422276]
 [ 0.40207981  0.04856419]
 [ 0.45481419  0.02903294]
 [ 0.40012669  0.07981419]
 [ 0.46439303  0.03265224]
 [ 0.45872044 -0.02174831]
 [-1.25240385  1.18499599]
 [-1.25240385  1.26898037]
 [-1.25240385  1.15374599]
 [-1.25240385  1.33929287]
 [ 0.03879856 -0.43581081]
 [ 0.10325169 -0.36549831]
 [ 0.15989231 -0.30690456]
 [ 0.05637669 -0.35377956]
 [ 0.10520481 -0.34987331]
 [ 0.15207981 -0.35182644]
 [ 0.21457981 -0.25417019]]","[[ 0.06780849 -0.28766026]
 [ 0.05999599 -0.37164463]
 [ 0.05999599 -0.44391026]
 [ 0.06780849 -0.23492588]
 [-0.06305088  0.52679287]
 [-0.01045186  0.49387669]
 [-0.06513936  0.40793919]
 [-0.00250401 -0.01422276]
 [-0.05537373  0.04856419]
 [-0.11006123  0.02903294]
 [-0.05537373  0.07981419]
 [ 0.05413662  0.03265224]
 [-0.16865498 -0.02174831]
 [ 0.80413662  1.18499599]
 [ 0.82952724  1.26898037]
 [ 0.77679287  1.15374599]
 [ 0.85882412  1.33929287]
 [-0.22724873 -0.43581081]
 [-0.22724873 -0.36549831]
 [-0.17646748 -0.30690456]
 [-0.22724873 -0.35377956]
 [-0.22724873 -0.34987331]
 [-0.22724873 -0.35182644]
 [-0.22724873 -0.25417019]]"
16,"[[-0.27412373  0.06614231]
 [-0.22724873  0.12082981]
 [-0.22724873  0.16965794]
 [-0.22724873  0.21653294]
 [-0.22724873  0.12473606]
 [-0.22724873  0.17551731]
 [ 0.83134502 -1.41432644]
 [ 0.82743877 -1.41432644]
 [ 0.80204814 -1.41432644]
 [ 0.05791243  0.02657158]
 [ 0.05791243  0.08321221]
 [-0.03974382  0.03243096]
 [ 0.05791243  0.04805596]
 [ 0.00713118  0.09102471]
 [-0.0924782   0.06563408]
 [ 0.11259993  0.21797783]
 [ 0.21611555  0.16914971]
 [ 0.2200218   0.21016533]
 [ 0.22588118  0.26485283]
 [ 0.16728743  0.20039971]
 [ 0.16924055  0.25508721]]","[[ 0.06614231 -0.30299831]
 [ 0.12082981 -0.25612331]
 [ 0.16965794 -0.23854519]
 [ 0.21653294 -0.24831081]
 [ 0.12473606 -0.21315456]
 [ 0.17551731 -0.16627956]
 [-1.41432644  1.59934544]
 [-1.41432644  1.62668919]
 [-1.41432644  1.61497044]
 [ 0.02657158 -0.55873001]
 [ 0.08321221 -0.50990189]
 [ 0.03243096 -0.50599564]
 [ 0.04805596 -0.41615189]
 [ 0.09102471 -0.44740189]
 [ 0.06563408 -0.56458939]
 [ 0.21797783  0.05845749]
 [ 0.16914971  0.02720749]
 [ 0.21016533  0.06431686]
 [ 0.26485283  0.01744186]
 [ 0.20039971  0.13267624]
 [ 0.25508721  0.10142624]]","[[-0.27412373 -0.30299831]
 [-0.22724873 -0.25612331]
 [-0.22724873 -0.23854519]
 [-0.22724873 -0.24831081]
 [-0.22724873 -0.21315456]
 [-0.22724873 -0.16627956]
 [ 0.83134502  1.59934544]
 [ 0.82743877  1.62668919]
 [ 0.80204814  1.61497044]
 [ 0.05791243 -0.55873001]
 [ 0.05791243 -0.50990189]
 [-0.03974382 -0.50599564]
 [ 0.05791243 -0.41615189]
 [ 0.00713118 -0.44740189]
 [-0.0924782  -0.56458939]
 [ 0.11259993  0.05845749]
 [ 0.21611555  0.02720749]
 [ 0.2200218   0.06431686]
 [ 0.22588118  0.01744186]
 [ 0.16728743  0.13267624]
 [ 0.16924055  0.10142624]]"
17,"[[ 1.57521802e-01  9.10247093e-02]
 [ 1.55568677e-01  4.21965843e-02]
 [ 1.57521802e-01  9.68840843e-02]
 [ 2.74709302e-01  2.29696584e-01]
 [ 2.80568677e-01  2.70712209e-01]
 [ 2.86428052e-01  3.15634084e-01]
 [ 2.74709302e-01  2.31649709e-01]
 [ 2.80568677e-01  2.78524709e-01]
 [ 2.86428052e-01  3.21493459e-01]
 [ 5.79124273e-02  3.76180959e-01]
 [ 5.79124273e-02  4.19149709e-01]
 [ 1.20412427e-01  4.73837209e-01]
 [-6.81322674e-04  3.83993459e-01]
 [ 5.79124273e-02  4.28915334e-01]
 [ 5.79124273e-02  4.79696584e-01]
 [-5.70993823e-01 -1.00858467e+00]
 [-6.39353198e-01 -9.59756541e-01]
 [-6.90134448e-01 -1.00858467e+00]]","[[ 0.09102471 -0.42591751]
 [ 0.04219658 -0.44154251]
 [ 0.09688408 -0.36927689]
 [ 0.22969658 -0.34193314]
 [ 0.27071221 -0.40443314]
 [ 0.31563408 -0.43763626]
 [ 0.23164971 -0.23255814]
 [ 0.27852471 -0.28724564]
 [ 0.32149346 -0.34583939]
 [ 0.37618096 -0.44544876]
 [ 0.41914971 -0.47669876]
 [ 0.47383721 -0.40248001]
 [ 0.38399346 -0.32240189]
 [ 0.42891533 -0.36732376]
 [ 0.47969658 -0.27552689]
 [-1.00858467  1.08189499]
 [-0.95975654  1.08384811]
 [-1.00858467  1.07603561]]","[[ 1.57521802e-01 -4.25917515e-01]
 [ 1.55568677e-01 -4.41542515e-01]
 [ 1.57521802e-01 -3.69276890e-01]
 [ 2.74709302e-01 -3.41933140e-01]
 [ 2.80568677e-01 -4.04433140e-01]
 [ 2.86428052e-01 -4.37636265e-01]
 [ 2.74709302e-01 -2.32558140e-01]
 [ 2.80568677e-01 -2.87245640e-01]
 [ 2.86428052e-01 -3.45839390e-01]
 [ 5.79124273e-02 -4.45448765e-01]
 [ 5.79124273e-02 -4.76698765e-01]
 [ 1.20412427e-01 -4.02480015e-01]
 [-6.81322674e-04 -3.22401890e-01]
 [ 5.79124273e-02 -3.67323765e-01]
 [ 5.79124273e-02 -2.75526890e-01]
 [-5.70993823e-01  1.08189499e+00]
 [-6.39353198e-01  1.08384811e+00]
 [-6.90134448e-01  1.07603561e+00]]"
18,"[[ 0.0724954  -0.06376379]
 [ 0.06663603 -0.11259191]
 [ 0.07640165 -0.00907629]
 [-0.06125     0.09765625]
 [-0.00460937  0.17578125]
 [ 0.0559375   0.23242188]
 [-0.01046875  0.05078125]
 [-0.0065625   0.11132812]
 [-0.00460937  0.171875  ]
 [-0.00070312  0.234375  ]
 [-0.05929687  0.15429688]
 [-0.00070312  0.22460938]]","[[-0.06376379 -0.26723346]
 [-0.11259191 -0.28871783]
 [-0.00907629 -0.17934283]
 [ 0.09765625  0.37015625]
 [ 0.17578125  0.20414062]
 [ 0.23242188  0.09867187]
 [ 0.05078125  0.35453125]
 [ 0.11132812  0.30570313]
 [ 0.171875    0.23734375]
 [ 0.234375    0.12015625]
 [ 0.15429688  0.33695313]
 [ 0.22460938  0.19828125]]","[[ 0.0724954  -0.26723346]
 [ 0.06663603 -0.28871783]
 [ 0.07640165 -0.17934283]
 [-0.06125     0.37015625]
 [-0.00460937  0.20414062]
 [ 0.0559375   0.09867187]
 [-0.01046875  0.35453125]
 [-0.0065625   0.30570313]
 [-0.00460937  0.23734375]
 [-0.00070312  0.12015625]
 [-0.05929687  0.33695313]
 [-0.00070312  0.19828125]]"
19,"[[ 0.0559375   0.2265625 ]
 [ 0.02859375 -0.0546875 ]
 [-0.01632812 -0.00195312]
 [-0.01242187  0.0546875 ]
 [-0.06320312  0.10351562]
 [-0.0065625   0.14648438]
 [ 0.05203125  0.1875    ]
 [ 0.0559375   0.234375  ]
 [-0.02644637 -0.01958404]
 [-0.02449324  0.02729096]
 [-0.01472762  0.16791596]
 [ 0.04386613  0.20893159]
 [ 0.04777238  0.25385346]
 [-0.00691512  0.30658784]
 [-0.02644637 -0.01958404]
 [-0.02449324  0.02729096]
 [-0.02058699  0.06830659]
 [-0.02644637 -0.03130279]
 [ 0.02628801  0.00775971]
 [ 0.15519426  0.19525971]
 [ 0.01652238 -0.08013091]
 [ 0.02042863 -0.03130279]
 [ 0.02628801  0.01557221]
 [ 0.03019426  0.06830659]
 [ 0.03410051  0.07807221]
 [ 0.03800676  0.13666596]
 [ 0.04386613  0.18354096]
 [ 0.04777238  0.23432221]
 [-0.01472762  0.11713471]
 [ 0.04386613  0.16986909]
 [ 0.04777238  0.21479096]]","[[ 0.2265625  -0.26851562]
 [-0.0546875  -0.25679687]
 [-0.00195312 -0.23921875]
 [ 0.0546875  -0.02046875]
 [ 0.10351562 -0.0946875 ]
 [ 0.14648438 -0.13570313]
 [ 0.1875     -0.165     ]
 [ 0.234375   -0.17867188]
 [-0.01958404 -0.11507601]
 [ 0.02729096 -0.11898226]
 [ 0.16791596 -0.02718539]
 [ 0.20893159  0.01383024]
 [ 0.25385346  0.02554899]
 [ 0.30658784 -0.00374789]
 [-0.01958404 -0.05257601]
 [ 0.02729096 -0.01351351]
 [ 0.06830659  0.05679899]
 [-0.03130279 -0.28890414]
 [ 0.00775971 -0.31429476]
 [ 0.19525971 -0.15999789]
 [-0.08013091 -0.27718539]
 [-0.03130279 -0.25374789]
 [ 0.01557221 -0.26156039]
 [ 0.06830659 -0.19320101]
 [ 0.07807221  0.27359586]
 [ 0.13666596  0.21890836]
 [ 0.18354096  0.22476774]
 [ 0.23432221  0.19742399]
 [ 0.11713471  0.32828336]
 [ 0.16986909  0.29117399]
 [ 0.21479096  0.30289274]]","[[ 0.0559375  -0.26851562]
 [ 0.02859375 -0.25679687]
 [-0.01632812 -0.23921875]
 [-0.01242187 -0.02046875]
 [-0.06320312 -0.0946875 ]
 [-0.0065625  -0.13570313]
 [ 0.05203125 -0.165     ]
 [ 0.0559375  -0.17867188]
 [-0.02644637 -0.11507601]
 [-0.02449324 -0.11898226]
 [-0.01472762 -0.02718539]
 [ 0.04386613  0.01383024]
 [ 0.04777238  0.02554899]
 [-0.00691512 -0.00374789]
 [-0.02644637 -0.05257601]
 [-0.02449324 -0.01351351]
 [-0.02058699  0.05679899]
 [-0.02644637 -0.28890414]
 [ 0.02628801 -0.31429476]
 [ 0.15519426 -0.15999789]
 [ 0.01652238 -0.27718539]
 [ 0.02042863 -0.25374789]
 [ 0.02628801 -0.26156039]
 [ 0.03019426 -0.19320101]
 [ 0.03410051  0.27359586]
 [ 0.03800676  0.21890836]
 [ 0.04386613  0.22476774]
 [ 0.04777238  0.19742399]
 [-0.01472762  0.32828336]
 [ 0.04386613  0.29117399]
 [ 0.04777238  0.30289274]]"
20,"[[ 0.03800676  0.16400971]
 [ 0.09855363  0.20502534]
 [ 0.16105363  0.23822846]
 [ 0.13331653  0.22322329]
 [ 0.08058216  0.27595766]
 [-0.03465222  0.32673891]
 [ 0.02589466  0.37166079]
 [ 0.07472278  0.15681704]
 [ 0.13331653  0.21150454]
 [ 0.13722278  0.27009829]
 [ 0.07667591  0.20955141]
 [ 0.02198841  0.27791079]
 [ 0.13331653  0.22322329]
 [ 0.13722278  0.26228579]
 [ 0.18214466  0.17244204]
 [ 0.13331653  0.22517641]
 [ 0.08058216  0.27595766]
 [ 0.15870716 -0.01701109]
 [ 0.16456653  0.03377016]
 [ 0.10987903 -0.00919859]
 [ 0.06495716  0.04158266]
 [ 0.06886341  0.08650454]
 [ 0.06300403 -0.00529234]
 [ 0.06495716  0.04158266]
 [ 0.11964466  0.07478579]
 [ 0.02394153  0.31502016]
 [ 0.02589466  0.35408266]
 [-0.03465222  0.32087954]
 [-0.03465222  0.35798891]]","[[ 0.16400971 -0.03304476]
 [ 0.20502534 -0.05648226]
 [ 0.23822846  0.03531461]
 [ 0.22322329  0.19197329]
 [ 0.27595766  0.13923891]
 [ 0.32673891  0.08650454]
 [ 0.37166079  0.05134829]
 [ 0.15681704  0.39119204]
 [ 0.21150454  0.30330141]
 [ 0.27009829  0.18416079]
 [ 0.20955141  0.35994204]
 [ 0.27791079  0.15877016]
 [ 0.22322329 -0.00919859]
 [ 0.26228579 -0.08927671]
 [ 0.17244204  0.11384829]
 [ 0.22517641  0.07869204]
 [ 0.27595766  0.02009829]
 [-0.01701109 -0.02872984]
 [ 0.03377016  0.08455141]
 [-0.00919859  0.04744204]
 [ 0.04158266  0.09627016]
 [ 0.08650454  0.18025454]
 [-0.00529234  0.15095766]
 [ 0.04158266  0.14119204]
 [ 0.07478579  0.26814516]
 [ 0.31502016 -0.10685484]
 [ 0.35408266 -0.18497984]
 [ 0.32087954 -0.06974546]
 [ 0.35798891 -0.16154234]]","[[ 0.03800676 -0.03304476]
 [ 0.09855363 -0.05648226]
 [ 0.16105363  0.03531461]
 [ 0.13331653  0.19197329]
 [ 0.08058216  0.13923891]
 [-0.03465222  0.08650454]
 [ 0.02589466  0.05134829]
 [ 0.07472278  0.39119204]
 [ 0.13331653  0.30330141]
 [ 0.13722278  0.18416079]
 [ 0.07667591  0.35994204]
 [ 0.02198841  0.15877016]
 [ 0.13331653 -0.00919859]
 [ 0.13722278 -0.08927671]
 [ 0.18214466  0.11384829]
 [ 0.13331653  0.07869204]
 [ 0.08058216  0.02009829]
 [ 0.15870716 -0.02872984]
 [ 0.16456653  0.08455141]
 [ 0.10987903  0.04744204]
 [ 0.06495716  0.09627016]
 [ 0.06886341  0.18025454]
 [ 0.06300403  0.15095766]
 [ 0.06495716  0.14119204]
 [ 0.11964466  0.26814516]
 [ 0.02394153 -0.10685484]
 [ 0.02589466 -0.18497984]
 [-0.03465222 -0.06974546]
 [-0.03465222 -0.16154234]]"
21,"[[ 0.07150136 -0.11328125]
 [ 0.02657948 -0.0625    ]
 [ 0.02462636 -0.109375  ]
 [ 0.07736073 -0.08789062]
 [ 0.02072011 -0.16796875]
 [ 0.07150136 -0.12109375]
 [ 0.07736073 -0.07226562]
 [ 0.03048573 -0.015625  ]
 [ 0.02657948 -0.06445312]
 [ 0.12032948 -0.15039062]
 [-0.01834239  0.07226562]
 [ 0.09493886  0.12109375]
 [-0.07302989  0.22265625]
 [-0.07302989  0.26953125]
 [-0.01248302  0.26171875]
 [ 0.03634511  0.07617188]
 [ 0.09493886  0.12109375]
 [ 0.04220448  0.171875  ]
 [-0.07302989  0.22070312]
 [-0.01248302  0.26757812]
 [ 0.07046274  0.33623798]
 [ 0.04220448  0.16015625]
 [-0.07302989  0.2109375 ]
 [ 0.07046274  0.38506611]
 [ 0.23843149  0.23467548]
 [ 0.18179087  0.24444111]
 [ 0.18569712  0.29131611]
 [ 0.17983774  0.19756611]
 [ 0.23843149  0.24053486]
 [ 0.18569712  0.28545673]]","[[-0.11328125 -0.06623641]
 [-0.0625     -0.05842391]
 [-0.109375    0.03141984]
 [-0.08789062 -0.28498641]
 [-0.16796875 -0.21272079]
 [-0.12109375 -0.18733016]
 [-0.07226562 -0.15803329]
 [-0.015625   -0.08186141]
 [-0.06445312  0.07243546]
 [-0.15039062 -0.33967391]
 [ 0.07226562  0.16813859]
 [ 0.12109375  0.03727921]
 [ 0.22265625 -0.04475204]
 [ 0.26953125  0.04509171]
 [ 0.26171875 -0.17365829]
 [ 0.07617188  0.08220109]
 [ 0.12109375 -0.01936141]
 [ 0.171875   -0.06037704]
 [ 0.22070312 -0.08772079]
 [ 0.26757812 -0.06037704]
 [ 0.33623798 -0.15144231]
 [ 0.16015625  0.19157609]
 [ 0.2109375  -0.23811141]
 [ 0.38506611 -0.19245793]
 [ 0.23467548 -0.44831731]
 [ 0.24444111 -0.29011418]
 [ 0.29131611 -0.28230168]
 [ 0.19756611 -0.34284856]
 [ 0.24053486 -0.36823918]
 [ 0.28545673 -0.46198918]]","[[ 0.07150136 -0.06623641]
 [ 0.02657948 -0.05842391]
 [ 0.02462636  0.03141984]
 [ 0.07736073 -0.28498641]
 [ 0.02072011 -0.21272079]
 [ 0.07150136 -0.18733016]
 [ 0.07736073 -0.15803329]
 [ 0.03048573 -0.08186141]
 [ 0.02657948  0.07243546]
 [ 0.12032948 -0.33967391]
 [-0.01834239  0.16813859]
 [ 0.09493886  0.03727921]
 [-0.07302989 -0.04475204]
 [-0.07302989  0.04509171]
 [-0.01248302 -0.17365829]
 [ 0.03634511  0.08220109]
 [ 0.09493886 -0.01936141]
 [ 0.04220448 -0.06037704]
 [-0.07302989 -0.08772079]
 [-0.01248302 -0.06037704]
 [ 0.07046274 -0.15144231]
 [ 0.04220448  0.19157609]
 [-0.07302989 -0.23811141]
 [ 0.07046274 -0.19245793]
 [ 0.23843149 -0.44831731]
 [ 0.18179087 -0.29011418]
 [ 0.18569712 -0.28230168]
 [ 0.17983774 -0.34284856]
 [ 0.23843149 -0.36823918]
 [ 0.18569712 -0.46198918]]"
22,"[[-0.02092634  0.11216518]
 [-0.02092634  0.16294643]
 [ 0.03962054  0.2078683 ]
 [ 0.03571429  0.11021205]
 [ 0.09626116  0.15513393]
 [ 0.03962054  0.2000558 ]
 [-0.02092634  0.11607143]
 [ 0.03766741  0.1609933 ]
 [ 0.03962054  0.2078683 ]
 [ 0.03038194  0.07465278]
 [ 0.02647569  0.02777778]
 [ 0.11477482  0.21151195]
 [ 0.06789982  0.26619945]
 [ 0.11086857  0.17049632]
 [ 0.16164982  0.21737132]
 [ 0.11672794  0.2701057 ]
 [ 0.12063419  0.31307445]
 [ 0.11477482  0.22127757]
 [ 0.11672794  0.26815257]
 [ 0.16750919  0.25057445]
 [ 0.16164982  0.20369945]
 [ 0.21633732  0.2544807 ]
 [ 0.17141544  0.3091682 ]
 [ 0.08844866 -0.01478795]
 [ 0.09040179  0.05747768]
 [-0.03407118 -0.02300347]
 [ 0.03038194  0.06684028]
 [-0.03407118 -0.02690972]
 [ 0.02647569  0.0219184 ]
 [ 0.02647569  0.01019965]
 [ 0.03571429  0.0281808 ]
 [-0.03602431 -0.08940972]
 [-0.03602431 -0.06206597]]","[[ 0.11216518 -0.25976562]
 [ 0.16294643 -0.06054688]
 [ 0.2078683  -0.05859375]
 [ 0.11021205 -0.27734375]
 [ 0.15513393 -0.25      ]
 [ 0.2000558  -0.31640625]
 [ 0.11607143 -0.12695312]
 [ 0.1609933  -0.16601562]
 [ 0.2078683  -0.20703125]
 [ 0.07465278 -0.21440972]
 [ 0.02777778 -0.21050347]
 [ 0.21151195 -0.4665671 ]
 [ 0.26619945 -0.40211397]
 [ 0.17049632 -0.40016085]
 [ 0.21737132 -0.32008272]
 [ 0.2701057  -0.2790671 ]
 [ 0.31307445 -0.19898897]
 [ 0.22127757 -0.25172335]
 [ 0.26815257 -0.21070772]
 [ 0.25057445 -0.49195772]
 [ 0.20369945 -0.4978171 ]
 [ 0.2544807  -0.40016085]
 [ 0.3091682  -0.36695772]
 [-0.01478795  0.2109375 ]
 [ 0.05747768  0.04882812]
 [-0.02300347  0.05121528]
 [ 0.06684028  0.04144965]
 [-0.02690972  0.08051215]
 [ 0.0219184   0.01996528]
 [ 0.01019965  0.11762153]
 [ 0.0281808   0.24804688]
 [-0.08940972  0.17426215]
 [-0.06206597 -0.06011285]]","[[-0.02092634 -0.25976562]
 [-0.02092634 -0.06054688]
 [ 0.03962054 -0.05859375]
 [ 0.03571429 -0.27734375]
 [ 0.09626116 -0.25      ]
 [ 0.03962054 -0.31640625]
 [-0.02092634 -0.12695312]
 [ 0.03766741 -0.16601562]
 [ 0.03962054 -0.20703125]
 [ 0.03038194 -0.21440972]
 [ 0.02647569 -0.21050347]
 [ 0.11477482 -0.4665671 ]
 [ 0.06789982 -0.40211397]
 [ 0.11086857 -0.40016085]
 [ 0.16164982 -0.32008272]
 [ 0.11672794 -0.2790671 ]
 [ 0.12063419 -0.19898897]
 [ 0.11477482 -0.25172335]
 [ 0.11672794 -0.21070772]
 [ 0.16750919 -0.49195772]
 [ 0.16164982 -0.4978171 ]
 [ 0.21633732 -0.40016085]
 [ 0.17141544 -0.36695772]
 [ 0.08844866  0.2109375 ]
 [ 0.09040179  0.04882812]
 [-0.03407118  0.05121528]
 [ 0.03038194  0.04144965]
 [-0.03407118  0.08051215]
 [ 0.02647569  0.01996528]
 [ 0.02647569  0.11762153]
 [ 0.03571429  0.24804688]
 [-0.03602431  0.17426215]
 [-0.03602431 -0.06011285]]"
23,"[[-0.12628348  0.0468192 ]
 [-0.12433036  0.09955357]
 [-0.07745536  0.05072545]
 [-0.12433036  0.1015067 ]
 [-0.07745536  0.0311942 ]
 [-0.07550223  0.0858817 ]
 [-0.07159598  0.12689732]
 [-0.01690848  0.18549107]
 [-0.01300223  0.23041295]
 [-0.06378348  0.2811942 ]
 [-0.05987723  0.33002232]
 [ 0.00066964  0.3749442 ]
 [ 0.13348214  0.1171317 ]
 [ 0.08856027  0.16791295]
 [-0.06378348  0.2811942 ]
 [-0.05987723  0.3280692 ]
 [-0.01300223  0.23236607]
 [-0.00714286  0.27924107]
 [-0.00323661  0.32611607]
 [ 0.00066964  0.36517857]
 [-0.06573661  0.23822545]
 [-0.00714286  0.2811942 ]
 [-0.00323661  0.3280692 ]
 [ 0.00066964  0.37299107]
 [-0.05401786  0.40814732]
 [ 0.11977067  0.12178679]
 [-0.11456473  0.42377232]
 [-0.05401786  0.39642857]]","[[ 0.0468192  -0.08967634]
 [ 0.09955357 -0.01155134]
 [ 0.05072545  0.02751116]
 [ 0.1015067   0.05485491]
 [ 0.0311942  -0.18733259]
 [ 0.0858817  -0.14436384]
 [ 0.12689732 -0.18342634]
 [ 0.18549107 -0.04280134]
 [ 0.23041295  0.17594866]
 [ 0.2811942   0.18376116]
 [ 0.33002232  0.17204241]
 [ 0.3749442   0.07633929]
 [ 0.1171317  -0.01545759]
 [ 0.16791295 -0.08186384]
 [ 0.2811942   0.19157366]
 [ 0.3280692   0.18571429]
 [ 0.23236607 -0.00764509]
 [ 0.27924107 -0.02717634]
 [ 0.32611607 -0.02131696]
 [ 0.36517857 -0.12287946]
 [ 0.23822545  0.09977679]
 [ 0.2811942   0.08219866]
 [ 0.3280692   0.04313616]
 [ 0.37299107 -0.02131696]
 [ 0.40814732 -0.19709821]
 [ 0.12178679 -0.11851058]
 [ 0.42377232 -0.08967634]
 [ 0.39642857 -0.27717634]]","[[-0.12628348 -0.08967634]
 [-0.12433036 -0.01155134]
 [-0.07745536  0.02751116]
 [-0.12433036  0.05485491]
 [-0.07745536 -0.18733259]
 [-0.07550223 -0.14436384]
 [-0.07159598 -0.18342634]
 [-0.01690848 -0.04280134]
 [-0.01300223  0.17594866]
 [-0.06378348  0.18376116]
 [-0.05987723  0.17204241]
 [ 0.00066964  0.07633929]
 [ 0.13348214 -0.01545759]
 [ 0.08856027 -0.08186384]
 [-0.06378348  0.19157366]
 [-0.05987723  0.18571429]
 [-0.01300223 -0.00764509]
 [-0.00714286 -0.02717634]
 [-0.00323661 -0.02131696]
 [ 0.00066964 -0.12287946]
 [-0.06573661  0.09977679]
 [-0.00714286  0.08219866]
 [-0.00323661  0.04313616]
 [ 0.00066964 -0.02131696]
 [-0.05401786 -0.19709821]
 [ 0.11977067 -0.11851058]
 [-0.11456473 -0.08967634]
 [-0.05401786 -0.27717634]]"
24,"[[-0.07944808  0.27022429]
 [-0.02085433  0.32295867]
 [-0.01890121  0.37373992]
 [ 0.06313004  0.08272429]
 [ 0.11977067  0.12373992]
 [ 0.02602067  0.22530242]
 [ 0.11391129  0.06709929]
 [ 0.11977067  0.12178679]
 [ 0.12758317  0.16866179]
 [ 0.11391129  0.06709929]
 [ 0.11977067  0.11202117]
 [ 0.12758317  0.15694304]
 [-0.02671371  0.23311492]
 [ 0.03188004  0.27608367]
 [-0.02085433  0.32686492]
 [-0.07749496  0.37178679]
 [ 0.02602067  0.21944304]
 [ 0.03188004  0.25655242]
 [-0.02085433  0.32295867]
 [-0.01890121  0.37373992]
 [-0.10711806  0.33919271]
 [ 0.12758317  0.16670867]
 [-0.13608871  0.42256804]
 [ 0.05499132  0.33528646]
 [-0.03647933  0.09053679]
 [-0.13608871  0.04952117]
 [ 0.00844254  0.03780242]]","[[ 0.27022429  0.17055192]
 [ 0.32295867  0.09047379]
 [ 0.37373992  0.02797379]
 [ 0.08272429  0.02797379]
 [ 0.12373992 -0.05796371]
 [ 0.22530242  0.06508317]
 [ 0.06709929  0.12563004]
 [ 0.12178679  0.02992692]
 [ 0.16866179 -0.02866683]
 [ 0.06709929  0.13930192]
 [ 0.11202117  0.15297379]
 [ 0.15694304  0.16664567]
 [ 0.23311492 -0.08335433]
 [ 0.27608367  0.01234879]
 [ 0.32686492 -0.08726058]
 [ 0.37178679 -0.18296371]
 [ 0.21944304  0.13344254]
 [ 0.25655242  0.22523942]
 [ 0.32295867  0.09047379]
 [ 0.37373992  0.00844254]
 [ 0.33919271  0.02491319]
 [ 0.16670867 -0.15561996]
 [ 0.42256804 -0.11460433]
 [ 0.33528646  0.25147569]
 [ 0.09053679 -0.14390121]
 [ 0.04952117 -0.09897933]
 [ 0.03780242 -0.15952621]]","[[-0.07944808  0.17055192]
 [-0.02085433  0.09047379]
 [-0.01890121  0.02797379]
 [ 0.06313004  0.02797379]
 [ 0.11977067 -0.05796371]
 [ 0.02602067  0.06508317]
 [ 0.11391129  0.12563004]
 [ 0.11977067  0.02992692]
 [ 0.12758317 -0.02866683]
 [ 0.11391129  0.13930192]
 [ 0.11977067  0.15297379]
 [ 0.12758317  0.16664567]
 [-0.02671371 -0.08335433]
 [ 0.03188004  0.01234879]
 [-0.02085433 -0.08726058]
 [-0.07749496 -0.18296371]
 [ 0.02602067  0.13344254]
 [ 0.03188004  0.22523942]
 [-0.02085433  0.09047379]
 [-0.01890121  0.00844254]
 [-0.10711806  0.02491319]
 [ 0.12758317 -0.15561996]
 [-0.13608871 -0.11460433]
 [ 0.05499132  0.25147569]
 [-0.03647933 -0.14390121]
 [-0.13608871 -0.09897933]
 [ 0.00844254 -0.15952621]]"
25,"[[-0.11688368  0.24739583]
 [-0.11102431  0.29427083]
 [-0.10711806  0.33919271]
 [-0.11688368  0.24739583]
 [-0.16180556  0.29817708]
 [-0.08368389  0.29033954]
 [ 0.82256944 -1.29166667]
 [ 0.90850694 -1.29166667]
 [ 0.79327257 -1.29166667]
 [-0.20477431  0.53450521]
 [-0.20282118  0.58333333]
 [-0.26141493  0.58333333]
 [-0.26141493  0.21614583]
 [-0.35516493  0.17708333]
 [-0.31024306  0.23372396]
 [-0.26141493  0.28059896]
 [-0.26141493  0.33138021]
 [-0.30828993  0.19661458]
 [-0.26141493  0.24739583]
 [-0.26141493  0.29427083]
 [-0.21063368  0.32747396]
 [-0.31219618  0.24544271]
 [-0.15203993  0.37825521]
 [-0.15789931  0.26692708]
 [-0.15203993  0.40364583]]","[[ 0.24739583 -0.14305556]
 [ 0.29427083 -0.10008681]
 [ 0.33919271  0.03272569]
 [ 0.24739583 -0.01219618]
 [ 0.29817708 -0.05907118]
 [ 0.29033954 -0.05205829]
 [-1.29166667 -1.77782118]
 [-1.29166667 -1.84032118]
 [-1.29166667 -1.72118056]
 [ 0.53450521 -0.01414931]
 [ 0.58333333 -0.07469618]
 [ 0.58333333 -0.00243056]
 [ 0.21614583 -0.41453993]
 [ 0.17708333 -0.35203993]
 [ 0.23372396 -0.31493056]
 [ 0.28059896 -0.32860243]
 [ 0.33138021 -0.30711806]
 [ 0.19661458 -0.25243056]
 [ 0.24739583 -0.22313368]
 [ 0.29427083 -0.23094618]
 [ 0.32747396 -0.32860243]
 [ 0.24544271 -0.48485243]
 [ 0.37825521  0.39014757]
 [ 0.26692708  0.43702257]
 [ 0.40364583  0.28467882]]","[[-0.11688368 -0.14305556]
 [-0.11102431 -0.10008681]
 [-0.10711806  0.03272569]
 [-0.11688368 -0.01219618]
 [-0.16180556 -0.05907118]
 [-0.08368389 -0.05205829]
 [ 0.82256944 -1.77782118]
 [ 0.90850694 -1.84032118]
 [ 0.79327257 -1.72118056]
 [-0.20477431 -0.01414931]
 [-0.20282118 -0.07469618]
 [-0.26141493 -0.00243056]
 [-0.26141493 -0.41453993]
 [-0.35516493 -0.35203993]
 [-0.31024306 -0.31493056]
 [-0.26141493 -0.32860243]
 [-0.26141493 -0.30711806]
 [-0.30828993 -0.25243056]
 [-0.26141493 -0.22313368]
 [-0.26141493 -0.23094618]
 [-0.21063368 -0.32860243]
 [-0.31219618 -0.48485243]
 [-0.15203993  0.39014757]
 [-0.15789931  0.43702257]
 [-0.15203993  0.28467882]]"
26,"[[-0.02704327  0.32940204]
 [-0.01923077  0.37627704]
 [-0.08368389  0.28643329]
 [-0.07782452  0.32549579]
 [-0.01923077  0.37432392]
 [-0.01141827  0.42315204]
 [-0.06024639  0.47783954]
 [-0.16766827  0.53448017]
 [-0.22430889  0.58526142]
 [-0.28290264  0.63213642]
 [-0.22626202  0.53838642]
 [-0.22430889  0.58526142]
 [-0.28290264  0.63213642]
 [-0.22626202  0.53643329]
 [-0.28290264  0.58526142]
 [-0.22235577  0.63018329]
 [-0.28290264  0.58330829]
 [-0.11493389  0.48369892]
 [-0.11102764  0.53057392]
 [-0.07782452  0.33721454]
 [-0.17352764  0.43877704]
 [-0.11493389  0.47783954]
 [-0.07196514  0.36651142]
 [-0.28290264  0.29033954]
 [-0.28290264  0.19658954]
 [-0.28290264  0.23955829]
 [-0.28290264  0.28838642]
 [-0.28290264  0.24346454]
 [ 0.71905048 -1.28973858]
 [ 0.80108173 -1.28973858]
 [ 0.66631611 -1.28973858]]","[[ 0.32940204 -0.03643329]
 [ 0.37627704 -0.13604267]
 [ 0.28643329  0.02020733]
 [ 0.32549579  0.08075421]
 [ 0.37432392 -0.03252704]
 [ 0.42315204 -0.17119892]
 [ 0.47783954 -0.10283954]
 [ 0.53448017 -0.08526142]
 [ 0.58526142 -0.13604267]
 [ 0.63213642 -0.16729267]
 [ 0.53838642 -0.13799579]
 [ 0.58526142 -0.14580829]
 [ 0.63213642 -0.12432392]
 [ 0.53643329 -0.14971454]
 [ 0.58526142 -0.07549579]
 [ 0.63018329 -0.06377704]
 [ 0.58330829 -0.18877704]
 [ 0.48369892 -0.06768329]
 [ 0.53057392 -0.09698017]
 [ 0.33721454 -0.18487079]
 [ 0.43877704 -0.00908954]
 [ 0.47783954  0.02801983]
 [ 0.36651142  0.13544171]
 [ 0.29033954 -0.32940204]
 [ 0.19658954 -0.32158954]
 [ 0.23955829 -0.35479267]
 [ 0.28838642 -0.33916767]
 [ 0.24346454 -0.32744892]
 [-1.28973858  1.43817608]
 [-1.28973858  1.49091046]
 [-1.28973858  1.47333233]]","[[-0.02704327 -0.03643329]
 [-0.01923077 -0.13604267]
 [-0.08368389  0.02020733]
 [-0.07782452  0.08075421]
 [-0.01923077 -0.03252704]
 [-0.01141827 -0.17119892]
 [-0.06024639 -0.10283954]
 [-0.16766827 -0.08526142]
 [-0.22430889 -0.13604267]
 [-0.28290264 -0.16729267]
 [-0.22626202 -0.13799579]
 [-0.22430889 -0.14580829]
 [-0.28290264 -0.12432392]
 [-0.22626202 -0.14971454]
 [-0.28290264 -0.07549579]
 [-0.22235577 -0.06377704]
 [-0.28290264 -0.18877704]
 [-0.11493389 -0.06768329]
 [-0.11102764 -0.09698017]
 [-0.07782452 -0.18487079]
 [-0.17352764 -0.00908954]
 [-0.11493389  0.02801983]
 [-0.07196514  0.13544171]
 [-0.28290264 -0.32940204]
 [-0.28290264 -0.32158954]
 [-0.28290264 -0.35479267]
 [-0.28290264 -0.33916767]
 [-0.28290264 -0.32744892]
 [ 0.71905048  1.43817608]
 [ 0.80108173  1.49091046]
 [ 0.66631611  1.47333233]]"
27,"[[ 0.69365986 -1.28973858]
 [ 0.74639423 -1.28973858]
 [ 0.83037861 -1.28973858]
 [ 0.80108173 -1.28973858]
 [ 0.61358173 -1.28973858]
 [-0.17352764  0.43291767]
 [-0.12934028  0.35948351]
 [-0.18793403  0.36924913]
 [-0.18793403  0.41807726]
 [-0.18793403  0.32237413]
 [-0.18793403  0.37510851]
 [-0.18793403  0.42393663]
 [-0.18793403  0.30870226]
 [-0.18793403  0.37315538]
 [-0.18793403  0.42003038]
 [-0.18793403  0.37120226]
 [-0.2484809   0.39463976]
 [ 0.03472222  0.24815538]
 [-0.01605903  0.30674913]
 [-0.07074653  0.35167101]
 [ 0.09136285  0.24034288]]","[[-1.28973858  1.54169171]
 [-1.28973858  1.55731671]
 [-1.28973858  1.59637921]
 [-1.28973858  1.60614483]
 [-1.28973858  1.51044171]
 [ 0.43291767 -0.28057392]
 [ 0.35948351 -0.450557  ]
 [ 0.36924913 -0.372432  ]
 [ 0.41807726 -0.35094763]
 [ 0.32237413 -0.38219763]
 [ 0.37510851 -0.2864945 ]
 [ 0.42393663 -0.24938513]
 [ 0.30870226 -0.48376013]
 [ 0.37315538 -0.33532263]
 [ 0.42003038 -0.32360388]
 [ 0.37120226 -0.36071325]
 [ 0.39463976 -0.528682  ]
 [ 0.24815538  0.06702112]
 [ 0.30674913  0.0416305 ]
 [ 0.35167101  0.08459925]
 [ 0.24034288  0.07483362]]","[[ 0.69365986  1.54169171]
 [ 0.74639423  1.55731671]
 [ 0.83037861  1.59637921]
 [ 0.80108173  1.60614483]
 [ 0.61358173  1.51044171]
 [-0.17352764 -0.28057392]
 [-0.12934028 -0.450557  ]
 [-0.18793403 -0.372432  ]
 [-0.18793403 -0.35094763]
 [-0.18793403 -0.38219763]
 [-0.18793403 -0.2864945 ]
 [-0.18793403 -0.24938513]
 [-0.18793403 -0.48376013]
 [-0.18793403 -0.33532263]
 [-0.18793403 -0.32360388]
 [-0.18793403 -0.36071325]
 [-0.2484809  -0.528682  ]
 [ 0.03472222  0.06702112]
 [-0.01605903  0.0416305 ]
 [-0.07074653  0.08459925]
 [ 0.09136285  0.07483362]]"
28,"[[ 0.0171441   0.12120226]
 [ 0.01128472  0.08409288]
 [ 0.0171441   0.12901476]
 [-0.03363715  0.13292101]
 [ 0.02300347  0.17393663]
 [-0.03363715  0.13487413]
 [ 0.02300347  0.16026476]
 [-0.18793403  0.03135851]
 [-0.13715278  0.07237413]
 [-0.13715278  0.08604601]
 [-0.02582465  0.20713976]
 [-0.1312934   0.26378038]
 [-0.07074653  0.33995226]
 [-0.06684028  0.36729601]
 [-0.1312934   0.25792101]
 [-0.07269965  0.24620226]
 [-0.01215278  0.31846788]
 [-0.06684028  0.34971788]
 [-0.08352661  0.11798096]
 [-0.13430786  0.16094971]
 [-0.07766724  0.21954346]
 [-0.0297309   0.16807726]
 [ 0.76128472 -1.49793837]
 [ 0.78862847 -1.49793837]
 [ 0.84136285 -1.49793837]]","[[ 0.12120226 -0.36852575]
 [ 0.08409288 -0.2239945 ]
 [ 0.12901476 -0.2552445 ]
 [ 0.13292101 -0.28844763]
 [ 0.17393663 -0.29626013]
 [ 0.13487413 -0.21227575]
 [ 0.16026476 -0.44079138]
 [ 0.03135851 -0.42907263]
 [ 0.07237413 -0.47204138]
 [ 0.08604601 -0.37438513]
 [ 0.20713976  0.0728805 ]
 [ 0.26378038  0.28772425]
 [ 0.33995226  0.14905237]
 [ 0.36729601  0.2447555 ]
 [ 0.25792101  0.096318  ]
 [ 0.24620226  0.3385055 ]
 [ 0.31846788  0.23108362]
 [ 0.34971788  0.31702112]
 [ 0.11798096  0.22952271]
 [ 0.16094971  0.26858521]
 [ 0.21954346  0.20803833]
 [ 0.16807726  0.02405237]
 [-1.49793837  1.44202112]
 [-1.49793837  1.46155237]
 [-1.49793837  1.52209925]]","[[ 0.0171441  -0.36852575]
 [ 0.01128472 -0.2239945 ]
 [ 0.0171441  -0.2552445 ]
 [-0.03363715 -0.28844763]
 [ 0.02300347 -0.29626013]
 [-0.03363715 -0.21227575]
 [ 0.02300347 -0.44079138]
 [-0.18793403 -0.42907263]
 [-0.13715278 -0.47204138]
 [-0.13715278 -0.37438513]
 [-0.02582465  0.0728805 ]
 [-0.1312934   0.28772425]
 [-0.07074653  0.14905237]
 [-0.06684028  0.2447555 ]
 [-0.1312934   0.096318  ]
 [-0.07269965  0.3385055 ]
 [-0.01215278  0.23108362]
 [-0.06684028  0.31702112]
 [-0.08352661  0.22952271]
 [-0.13430786  0.26858521]
 [-0.07766724  0.20803833]
 [-0.0297309   0.02405237]
 [ 0.76128472  1.44202112]
 [ 0.78862847  1.46155237]
 [ 0.84136285  1.52209925]]"
29,"[[-1.28448486e-01  3.64074707e-01]
 [-1.88995361e-01  3.89465332e-01]
 [-1.88995361e-01  3.66027832e-01]
 [-1.26495361e-01  4.36340332e-01]
 [-1.88995361e-01  2.80090332e-01]
 [-1.88995361e-01  3.38684082e-01]
 [-1.88995361e-01  3.91418457e-01]
 [-1.88995361e-01  4.36340332e-01]
 [-1.88995361e-01  2.91809082e-01]
 [-2.47589111e-01  3.46496582e-01]
 [-1.88995361e-01  3.97277832e-01]
 [-2.51495361e-01  4.40246582e-01]
 [ 1.44989014e-01  2.21496582e-01]
 [ 1.02233887e-02  4.76684570e-02]
 [-3.46984863e-02  1.02355957e-01]
 [ 2.19421387e-02  1.47277832e-01]
 [-9.13391113e-02  1.44653320e-02]
 [-3.86047363e-02  6.13403320e-02]
 [ 1.60827637e-02  1.02355957e-01]
 [ 9.61608887e-02  2.74230957e-01]
 [-1.40167236e-01  1.44653320e-02]
 [ 3.36608887e-02  2.39074707e-01]
 [-1.40167236e-01 -1.15966797e-03]
 [ 8.40301514e-01 -1.52459717e+00]
 [ 8.40301514e-01 -1.52459717e+00]
 [ 7.58270264e-01 -1.52459717e+00]
 [ 8.40301514e-01 -1.52459717e+00]
 [ 8.12957764e-01 -1.52459717e+00]
 [ 8.12957764e-01 -1.52459717e+00]
 [ 7.87567139e-01 -1.52459717e+00]
 [-3.07922363e-02  1.53137207e-01]
 [-8.93859863e-02  6.52465820e-02]
 [-8.54797363e-02  1.02355957e-01]]","[[ 3.64074707e-01 -4.89227295e-01]
 [ 3.89465332e-01 -3.13446045e-01]
 [ 3.66027832e-01 -4.91180420e-01]
 [ 4.36340332e-01 -2.95867920e-01]
 [ 2.80090332e-01 -4.28680420e-01]
 [ 3.38684082e-01 -3.56414795e-01]
 [ 3.91418457e-01 -3.01727295e-01]
 [ 4.36340332e-01 -3.11492920e-01]
 [ 2.91809082e-01 -3.52508545e-01]
 [ 3.46496582e-01 -2.43133545e-01]
 [ 3.97277832e-01 -1.92352295e-01]
 [ 4.40246582e-01 -2.50946045e-01]
 [ 2.21496582e-01 -2.52899170e-01]
 [ 4.76684570e-02 -3.03680420e-01]
 [ 1.02355957e-01 -2.88055420e-01]
 [ 1.47277832e-01 -2.15789795e-01]
 [ 1.44653320e-02 -2.62664795e-01]
 [ 6.13403320e-02 -2.13836670e-01]
 [ 1.02355957e-01 -1.68914795e-01]
 [ 2.74230957e-01 -2.95867920e-01]
 [ 1.44653320e-02 -2.88055420e-01]
 [ 2.39074707e-01 -2.41180420e-01]
 [-1.15966797e-03 -4.07196045e-01]
 [-1.52459717e+00  1.30960083e+00]
 [-1.52459717e+00  1.41116333e+00]
 [-1.52459717e+00  1.40921021e+00]
 [-1.52459717e+00  1.43850708e+00]
 [-1.52459717e+00  1.49710083e+00]
 [-1.52459717e+00  1.42874146e+00]
 [-1.52459717e+00  1.45413208e+00]
 [ 1.53137207e-01 -3.41491699e-02]
 [ 6.52465820e-02 -9.66491699e-02]
 [ 1.02355957e-01  5.37414551e-02]]","[[-0.12844849 -0.48922729]
 [-0.18899536 -0.31344604]
 [-0.18899536 -0.49118042]
 [-0.12649536 -0.29586792]
 [-0.18899536 -0.42868042]
 [-0.18899536 -0.35641479]
 [-0.18899536 -0.30172729]
 [-0.18899536 -0.31149292]
 [-0.18899536 -0.35250854]
 [-0.24758911 -0.24313354]
 [-0.18899536 -0.19235229]
 [-0.25149536 -0.25094604]
 [ 0.14498901 -0.25289917]
 [ 0.01022339 -0.30368042]
 [-0.03469849 -0.28805542]
 [ 0.02194214 -0.21578979]
 [-0.09133911 -0.26266479]
 [-0.03860474 -0.21383667]
 [ 0.01608276 -0.16891479]
 [ 0.09616089 -0.29586792]
 [-0.14016724 -0.28805542]
 [ 0.03366089 -0.24118042]
 [-0.14016724 -0.40719604]
 [ 0.84030151  1.30960083]
 [ 0.84030151  1.41116333]
 [ 0.75827026  1.40921021]
 [ 0.84030151  1.43850708]
 [ 0.81295776  1.49710083]
 [ 0.81295776  1.42874146]
 [ 0.78756714  1.45413208]
 [-0.03079224 -0.03414917]
 [-0.08938599 -0.09664917]
 [-0.08547974  0.05374146]]"
30,"[[ 0.03952026  0.28790283]
 [ 0.05141022  0.34679555]
 [ 0.1666446   0.32531118]
 [-0.01321411  0.33868408]
 [ 0.15687897  0.2803893 ]
 [-0.08352661  0.13360596]
 [-0.07962036  0.17657471]
 [-0.07766724  0.19024658]
 [-0.08352661  0.13360596]
 [-0.07962036  0.16876221]
 [-0.12437103  0.24327993]
 [-0.02102661  0.17657471]
 [-0.13235474  0.28399658]
 [-0.13040161  0.34649658]
 [-0.12844849  0.38751221]
 [-0.18899536  0.32696533]
 [-0.18899536  0.37579346]
 [-0.17515228  0.41515493]
 [-0.1771054   0.34874868]
 [-0.23374603  0.41710805]
 [-0.23374603  0.46398305]
 [-0.23374603  0.51085805]
 [-0.23374603  0.41710805]
 [-0.06577728  0.30577993]]","[[ 0.28790283 -0.22946167]
 [ 0.34679555 -0.1319849 ]
 [ 0.32531118 -0.09487553]
 [ 0.33868408 -0.25680542]
 [ 0.2803893  -0.0147974 ]
 [ 0.13360596  0.15921021]
 [ 0.17657471  0.17874146]
 [ 0.19024658  0.32717896]
 [ 0.13360596  0.15335083]
 [ 0.16876221  0.21975708]
 [ 0.24327993  0.27035885]
 [ 0.17657471  0.36428833]
 [ 0.28399658  0.12014771]
 [ 0.34649658 -0.03219604]
 [ 0.38751221  0.04202271]
 [ 0.32696533  0.15725708]
 [ 0.37579346  0.14749146]
 [ 0.41515493 -0.11440678]
 [ 0.34874868  0.21567135]
 [ 0.41710805 -0.01870365]
 [ 0.46398305 -0.08120365]
 [ 0.51085805 -0.11440678]
 [ 0.41710805 -0.0538599 ]
 [ 0.30577993  0.12778072]]","[[ 0.03952026 -0.22946167]
 [ 0.05141022 -0.1319849 ]
 [ 0.1666446  -0.09487553]
 [-0.01321411 -0.25680542]
 [ 0.15687897 -0.0147974 ]
 [-0.08352661  0.15921021]
 [-0.07962036  0.17874146]
 [-0.07766724  0.32717896]
 [-0.08352661  0.15335083]
 [-0.07962036  0.21975708]
 [-0.12437103  0.27035885]
 [-0.02102661  0.36428833]
 [-0.13235474  0.12014771]
 [-0.13040161 -0.03219604]
 [-0.12844849  0.04202271]
 [-0.18899536  0.15725708]
 [-0.18899536  0.14749146]
 [-0.17515228 -0.11440678]
 [-0.1771054   0.21567135]
 [-0.23374603 -0.01870365]
 [-0.23374603 -0.08120365]
 [-0.23374603 -0.11440678]
 [-0.23374603 -0.0538599 ]
 [-0.06577728  0.12778072]]"
31,"[[-0.13608978  0.08312368]
 [-0.13413665  0.12023305]
 [-0.07944915  0.1632018 ]
 [-0.13608978  0.08702993]
 [-0.0833554   0.12609243]
 [-0.07944915  0.17492055]
 [-0.1224179   0.3116393 ]
 [-0.11851165  0.35460805]
 [-0.06577728  0.31554555]
 [-0.06187103  0.3585143 ]
 [-0.07163665  0.25499868]
 [-0.06577728  0.31554555]
 [-0.0052304   0.34874868]
 [-0.05796478  0.40929555]
 [-0.12437103  0.2569518 ]
 [-0.06577728  0.3116393 ]
 [-0.0052304   0.35265493]
 [-0.12827728  0.19249868]
 [-0.11265228  0.4522643 ]
 [-0.11655853  0.39367055]
 [-0.17319915  0.44249868]
 [ 0.99672272 -1.45789195]
 [ 0.90687897 -1.45789195]
 [ 0.93812897 -1.45789195]
 [ 0.96742585 -1.45789195]]","[[ 0.08312368 -0.1397974 ]
 [ 0.12023305 -0.25307865]
 [ 0.1632018  -0.25893803]
 [ 0.08702993 -0.05190678]
 [ 0.12609243 -0.14175053]
 [ 0.17492055 -0.10268803]
 [ 0.3116393  -0.22182865]
 [ 0.35460805 -0.2726099 ]
 [ 0.31554555 -0.01089115]
 [ 0.3585143  -0.16128178]
 [ 0.25499868  0.16879635]
 [ 0.31554555 -0.0460474 ]
 [ 0.34874868 -0.2179224 ]
 [ 0.40929555 -0.00503178]
 [ 0.2569518   0.1883276 ]
 [ 0.3116393   0.05942135]
 [ 0.35265493 -0.1788599 ]
 [ 0.19249868  0.28403072]
 [ 0.4522643   0.1180151 ]
 [ 0.39367055  0.21567135]
 [ 0.44249868  0.22153072]
 [-1.45789195 -1.87221928]
 [-1.45789195 -1.8585474 ]
 [-1.45789195 -1.77456303]
 [-1.45789195 -1.79409428]]","[[-0.13608978 -0.1397974 ]
 [-0.13413665 -0.25307865]
 [-0.07944915 -0.25893803]
 [-0.13608978 -0.05190678]
 [-0.0833554  -0.14175053]
 [-0.07944915 -0.10268803]
 [-0.1224179  -0.22182865]
 [-0.11851165 -0.2726099 ]
 [-0.06577728 -0.01089115]
 [-0.06187103 -0.16128178]
 [-0.07163665  0.16879635]
 [-0.06577728 -0.0460474 ]
 [-0.0052304  -0.2179224 ]
 [-0.05796478 -0.00503178]
 [-0.12437103  0.1883276 ]
 [-0.06577728  0.05942135]
 [-0.0052304  -0.1788599 ]
 [-0.12827728  0.28403072]
 [-0.11265228  0.1180151 ]
 [-0.11655853  0.21567135]
 [-0.17319915  0.22153072]
 [ 0.99672272 -1.87221928]
 [ 0.90687897 -1.8585474 ]
 [ 0.93812897 -1.77456303]
 [ 0.96742585 -1.79409428]]"
32,"[[-0.0954306   0.0133085 ]
 [-0.09347747  0.04651163]
 [-0.04269622  0.005496  ]
 [-0.03878997  0.08166788]
 [ 0.01980378  0.1226835 ]
 [-0.04269622  0.00744913]
 [ 0.0139444   0.06213663]
 [-0.03683685  0.11682413]
 [-0.03683685  0.07385538]
 [-0.26535247  0.161746  ]
 [-0.14816497  0.161746  ]
 [-0.14816497  0.09338663]
 [-0.26925872  0.22619913]
 [-0.14816497  0.24963663]
 [-0.14816497  0.29846475]
 [-0.14816497  0.29260538]
 [ 0.1858194   0.114871  ]
 [ 0.25222565  0.14807413]
 [ 0.32058503  0.18127725]
 [ 0.1780069   0.067996  ]
 [ 0.1858194   0.114871  ]
 [ 0.25222565  0.14807413]
 [ 0.26199128  0.192996  ]
 [ 0.1780069   0.067996  ]
 [ 0.1858194   0.11291788]
 [ 0.19558503  0.15783975]
 [ 0.26199128  0.18908975]
 [ 0.19558503  0.15588663]
 [ 0.0686319   0.08166788]
 [ 0.24246003  0.09338663]]","[[ 0.0133085   0.33548328]
 [ 0.04651163  0.40579578]
 [ 0.005496    0.36478016]
 [ 0.08166788  0.20462391]
 [ 0.1226835   0.21829578]
 [ 0.00744913  0.35306141]
 [ 0.06213663  0.30228016]
 [ 0.11682413  0.28860828]
 [ 0.07385538  0.47024891]
 [ 0.161746   -0.54146984]
 [ 0.161746   -0.55514172]
 [ 0.09338663 -0.61373547]
 [ 0.22619913 -0.48678234]
 [ 0.24963663 -0.39498547]
 [ 0.29846475 -0.38912609]
 [ 0.29260538 -0.41646984]
 [ 0.114871   -0.04537609]
 [ 0.14807413 -0.08053234]
 [ 0.18127725  0.00540516]
 [ 0.067996    0.05032703]
 [ 0.114871    0.00345203]
 [ 0.14807413  0.00735828]
 [ 0.192996    0.05423328]
 [ 0.067996   -0.02584484]
 [ 0.11291788  0.06595203]
 [ 0.15783975  0.09524891]
 [ 0.18908975  0.11087391]
 [ 0.15588663 -0.15475109]
 [ 0.08166788  0.10306141]
 [ 0.09338663 -0.19576672]]","[[-0.0954306   0.33548328]
 [-0.09347747  0.40579578]
 [-0.04269622  0.36478016]
 [-0.03878997  0.20462391]
 [ 0.01980378  0.21829578]
 [-0.04269622  0.35306141]
 [ 0.0139444   0.30228016]
 [-0.03683685  0.28860828]
 [-0.03683685  0.47024891]
 [-0.26535247 -0.54146984]
 [-0.14816497 -0.55514172]
 [-0.14816497 -0.61373547]
 [-0.26925872 -0.48678234]
 [-0.14816497 -0.39498547]
 [-0.14816497 -0.38912609]
 [-0.14816497 -0.41646984]
 [ 0.1858194  -0.04537609]
 [ 0.25222565 -0.08053234]
 [ 0.32058503  0.00540516]
 [ 0.1780069   0.05032703]
 [ 0.1858194   0.00345203]
 [ 0.25222565  0.00735828]
 [ 0.26199128  0.05423328]
 [ 0.1780069  -0.02584484]
 [ 0.1858194   0.06595203]
 [ 0.19558503  0.09524891]
 [ 0.26199128  0.11087391]
 [ 0.19558503 -0.15475109]
 [ 0.0686319   0.10306141]
 [ 0.24246003 -0.19576672]]"
33,"[[-0.18133681  0.20924479]
 [-0.06805556  0.25807292]
 [ 0.10772569  0.28346354]
 [ 0.11553819  0.33033854]
 [ 0.09796007  0.23658854]
 [ 0.10772569  0.28541667]
 [ 0.17413194  0.31861979]
 [ 0.15460069  0.22682292]
 [ 0.10772569  0.28346354]
 [ 0.11553819  0.33033854]
 [ 0.12530382  0.37526042]
 [ 0.04913194  0.29127604]
 [ 0.11553819  0.32838542]
 [-0.23602431  0.21315104]
 [-0.17938368  0.26588542]
 [-0.12078993  0.31276042]
 [-0.11883681  0.35377604]
 [-0.12469618  0.25416667]
 [-0.12078993  0.30299479]
 [ 0.24444444  0.34986979]
 [-0.11493056  0.40651042]
 [-0.06024306  0.33424479]]","[[ 0.20924479  0.07269965]
 [ 0.25807292 -0.03081597]
 [ 0.28346354 -0.2202691 ]
 [ 0.33033854 -0.14800347]
 [ 0.23658854 -0.20659722]
 [ 0.28541667 -0.1499566 ]
 [ 0.31861979 -0.1499566 ]
 [ 0.22682292 -0.18315972]
 [ 0.28346354 -0.17144097]
 [ 0.33033854 -0.19292535]
 [ 0.37526042 -0.23394097]
 [ 0.29127604 -0.02886285]
 [ 0.32838542 -0.0405816 ]
 [ 0.21315104  0.03363715]
 [ 0.26588542 -0.0327691 ]
 [ 0.31276042 -0.0874566 ]
 [ 0.35377604  0.00434028]
 [ 0.25416667  0.05902778]
 [ 0.30299479  0.05707465]
 [ 0.34986979 -0.17925347]
 [ 0.40651042 -0.13042535]
 [ 0.33424479  0.13715278]]","[[-0.18133681  0.07269965]
 [-0.06805556 -0.03081597]
 [ 0.10772569 -0.2202691 ]
 [ 0.11553819 -0.14800347]
 [ 0.09796007 -0.20659722]
 [ 0.10772569 -0.1499566 ]
 [ 0.17413194 -0.1499566 ]
 [ 0.15460069 -0.18315972]
 [ 0.10772569 -0.17144097]
 [ 0.11553819 -0.19292535]
 [ 0.12530382 -0.23394097]
 [ 0.04913194 -0.02886285]
 [ 0.11553819 -0.0405816 ]
 [-0.23602431  0.03363715]
 [-0.17938368 -0.0327691 ]
 [-0.12078993 -0.0874566 ]
 [-0.11883681  0.00434028]
 [-0.12469618  0.05902778]
 [-0.12078993  0.05707465]
 [ 0.24444444 -0.17925347]
 [-0.11493056 -0.13042535]
 [-0.06024306  0.13715278]]"
34,"[[-0.11493056  0.39088542]
 [-0.14707623  0.36499763]
 [-0.20371686  0.32788826]
 [-0.20176373  0.37671638]
 [-0.20371686  0.32202888]
 [-0.14707623  0.37085701]
 [-0.08652936  0.40601326]
 [-0.14902936  0.27906013]
 [-0.14316998  0.37281013]
 [-0.25840436  0.27515388]
 [-0.10020123  0.24976326]
 [ 0.14198627  0.37866951]
 [ 0.15175189  0.42359138]
 [ 0.10292377  0.48218513]
 [ 0.18690814  0.31616951]
 [ 0.07558002  0.34351326]
 [ 0.08534564  0.38843513]
 [ 0.09315814  0.43335701]
 [ 0.04237689  0.49195076]]","[[ 0.39088542  0.09613715]
 [ 0.36499763  0.22626657]
 [ 0.32788826  0.1266572 ]
 [ 0.37671638  0.02118845]
 [ 0.32202888  0.21064157]
 [ 0.37085701  0.13056345]
 [ 0.40601326  0.2282197 ]
 [ 0.27906013  0.45282907]
 [ 0.37281013  0.46454782]
 [ 0.27515388  0.48212595]
 [ 0.24976326  0.34736032]
 [ 0.37866951 -0.0217803 ]
 [ 0.42359138 -0.00810843]
 [ 0.48218513 -0.0374053 ]
 [ 0.31616951 -0.06670218]
 [ 0.34351326  0.1344697 ]
 [ 0.38843513  0.13642282]
 [ 0.43335701  0.15595407]
 [ 0.49195076  0.12079782]]","[[-0.11493056  0.09613715]
 [-0.14707623  0.22626657]
 [-0.20371686  0.1266572 ]
 [-0.20176373  0.02118845]
 [-0.20371686  0.21064157]
 [-0.14707623  0.13056345]
 [-0.08652936  0.2282197 ]
 [-0.14902936  0.45282907]
 [-0.14316998  0.46454782]
 [-0.25840436  0.48212595]
 [-0.10020123  0.34736032]
 [ 0.14198627 -0.0217803 ]
 [ 0.15175189 -0.00810843]
 [ 0.10292377 -0.0374053 ]
 [ 0.18690814 -0.06670218]
 [ 0.07558002  0.1344697 ]
 [ 0.08534564  0.13642282]
 [ 0.09315814  0.15595407]
 [ 0.04237689  0.12079782]]"
35,"[[ 0.05859375  0.41888787]
 [ 0.11914062  0.46185662]
 [ 0.125       0.50287224]
 [ 0.11328125  0.41498162]
 [ 0.17578125  0.45404412]
 [ 0.18359375  0.49896599]
 [ 0.05859375  0.42084099]
 [ 0.234375    0.44232537]
 [ 0.2421875   0.48920037]
 [ 0.234375    0.44427849]
 [ 0.18359375  0.49701287]
 [ 0.05859375  0.40130974]
 [ 0.05859375  0.41302849]
 [ 0.00585938  0.45404412]
 [ 0.05273438  0.36810662]
 [-0.109375    0.49115349]
 [-0.05273438  0.41302849]
 [-0.109375    0.51654412]
 [-0.52929688 -1.35259651]
 [-0.51953125 -1.35259651]
 [-0.51953125 -1.35259651]
 [-0.4609375  -1.35259651]]","[[ 0.41888787  0.21995634]
 [ 0.46185662  0.30003447]
 [ 0.50287224  0.19456572]
 [ 0.41498162  0.32933134]
 [ 0.45404412  0.35081572]
 [ 0.49896599  0.36644072]
 [ 0.42084099  0.36058134]
 [ 0.44232537  0.36058134]
 [ 0.48920037  0.31956572]
 [ 0.44427849  0.32542509]
 [ 0.49701287  0.21214384]
 [ 0.40130974  0.05980009]
 [ 0.41302849  0.15745634]
 [ 0.45404412  0.06370634]
 [ 0.36810662  0.46995634]
 [ 0.49115349 -0.22144991]
 [ 0.41302849 -0.14918428]
 [ 0.51654412 -0.12574678]
 [-1.35259651 -1.59059053]
 [-1.35259651 -1.51832491]
 [-1.35259651 -1.52027803]
 [-1.35259651 -1.52223116]]","[[ 0.05859375  0.21995634]
 [ 0.11914062  0.30003447]
 [ 0.125       0.19456572]
 [ 0.11328125  0.32933134]
 [ 0.17578125  0.35081572]
 [ 0.18359375  0.36644072]
 [ 0.05859375  0.36058134]
 [ 0.234375    0.36058134]
 [ 0.2421875   0.31956572]
 [ 0.234375    0.32542509]
 [ 0.18359375  0.21214384]
 [ 0.05859375  0.05980009]
 [ 0.05859375  0.15745634]
 [ 0.00585938  0.06370634]
 [ 0.05273438  0.46995634]
 [-0.109375   -0.22144991]
 [-0.05273438 -0.14918428]
 [-0.109375   -0.12574678]
 [-0.52929688 -1.59059053]
 [-0.51953125 -1.51832491]
 [-0.51953125 -1.52027803]
 [-0.4609375  -1.52223116]]"
36,"[[ 2.70905671e-01  3.08304398e-01]
 [ 2.14265046e-01  3.18070023e-01]
 [ 3.37311921e-01  3.43460648e-01]
 [ 2.86530671e-01  3.94241898e-01]
 [ 2.70905671e-01  3.10257523e-01]
 [ 3.37311921e-01  3.45413773e-01]
 [ 2.86530671e-01  4.00101273e-01]
 [ 9.70775463e-02  2.80960648e-01]
 [ 3.84837963e-02  1.59866898e-01]
 [ 1.47858796e-01  1.96976273e-01]
 [ 2.89351852e-04  8.81799769e-02]
 [-5.63512731e-02  3.73987269e-02]
 [ 1.89742477e-01  2.07320602e-01]
 [ 1.53718171e-01  2.73148148e-01]
 [ 9.12181713e-02  1.81351273e-01]
 [ 9.51244213e-02  2.30179398e-01]
 [ 4.23900463e-02  3.10257523e-01]
 [ 4.43431713e-02  3.41507523e-01]
 [-1.42505787e-02  3.98148148e-01]]","[[ 0.3083044  -0.30251736]
 [ 0.31807002 -0.28103299]
 [ 0.34346065 -0.34939236]
 [ 0.3942419  -0.40993924]
 [ 0.31025752 -0.24782986]
 [ 0.34541377 -0.28884549]
 [ 0.40010127 -0.34939236]
 [ 0.28096065 -0.30056424]
 [ 0.1598669   0.07638889]
 [ 0.19697627  0.09201389]
 [ 0.08817998  0.1442419 ]
 [ 0.03739873  0.2223669 ]
 [ 0.2073206   0.17158565]
 [ 0.27314815 -0.11892361]
 [ 0.18135127 -0.09939236]
 [ 0.2301794  -0.12673611]
 [ 0.31025752 -0.51345486]
 [ 0.34150752 -0.60720486]
 [ 0.39814815 -0.56814236]]","[[ 2.70905671e-01 -3.02517361e-01]
 [ 2.14265046e-01 -2.81032986e-01]
 [ 3.37311921e-01 -3.49392361e-01]
 [ 2.86530671e-01 -4.09939236e-01]
 [ 2.70905671e-01 -2.47829861e-01]
 [ 3.37311921e-01 -2.88845486e-01]
 [ 2.86530671e-01 -3.49392361e-01]
 [ 9.70775463e-02 -3.00564236e-01]
 [ 3.84837963e-02  7.63888889e-02]
 [ 1.47858796e-01  9.20138889e-02]
 [ 2.89351852e-04  1.44241898e-01]
 [-5.63512731e-02  2.22366898e-01]
 [ 1.89742477e-01  1.71585648e-01]
 [ 1.53718171e-01 -1.18923611e-01]
 [ 9.12181713e-02 -9.93923611e-02]
 [ 9.51244213e-02 -1.26736111e-01]
 [ 4.23900463e-02 -5.13454861e-01]
 [ 4.43431713e-02 -6.07204861e-01]
 [-1.42505787e-02 -5.68142361e-01]]"
37,"[[ 0.11747685  0.12333623]
 [ 0.11747685  0.12528935]
 [-0.00557002 -0.0114294 ]
 [ 0.0510706   0.02958623]
 [ 0.11161748  0.08036748]
 [ 0.01181641 -0.17597656]
 [ 0.01572266 -0.12324219]
 [ 0.01767578 -0.06464844]
 [ 0.02158203  0.00957031]
 [ 0.14072266  0.06035156]
 [-0.03896484 -0.15058594]
 [ 0.08212891  0.05644531]
 [ 0.01572266 -0.08027344]
 [ 0.01767578 -0.03730469]
 [ 0.05692998  0.06474248]
 [ 0.06455078 -0.12324219]
 [ 0.0041956   0.10185185]
 [-0.11103877  0.13114873]
 [-0.09365234  0.08769531]
 [-0.03505859  0.05839844]
 [-0.09365234  0.09355469]
 [-0.03505859  0.07207031]
 [-0.09365234  0.11894531]
 [-0.03115234  0.16582031]
 [-0.17158565  0.18778935]]","[[ 0.12333623 -0.06864873]
 [ 0.12528935  0.09541377]
 [-0.0114294   0.22432002]
 [ 0.02958623  0.2223669 ]
 [ 0.08036748  0.03877315]
 [-0.17597656  0.36455078]
 [-0.12324219  0.34501953]
 [-0.06464844  0.30009766]
 [ 0.00957031  0.16533203]
 [ 0.06035156  0.00126953]
 [-0.15058594  0.44658203]
 [ 0.05644531  0.13212891]
 [-0.08027344  0.12041016]
 [-0.03730469  0.15361328]
 [ 0.06474248  0.31807002]
 [-0.12324219  0.05400391]
 [ 0.10185185 -0.31083623]
 [ 0.13114873 -0.41239873]
 [ 0.08769531 -0.46943359]
 [ 0.05839844 -0.36201172]
 [ 0.09355469 -0.44208984]
 [ 0.07207031 -0.23701172]
 [ 0.11894531 -0.25849609]
 [ 0.16582031 -0.24677734]
 [ 0.18778935 -0.37724248]]","[[ 0.11747685 -0.06864873]
 [ 0.11747685  0.09541377]
 [-0.00557002  0.22432002]
 [ 0.0510706   0.2223669 ]
 [ 0.11161748  0.03877315]
 [ 0.01181641  0.36455078]
 [ 0.01572266  0.34501953]
 [ 0.01767578  0.30009766]
 [ 0.02158203  0.16533203]
 [ 0.14072266  0.00126953]
 [-0.03896484  0.44658203]
 [ 0.08212891  0.13212891]
 [ 0.01572266  0.12041016]
 [ 0.01767578  0.15361328]
 [ 0.05692998  0.31807002]
 [ 0.06455078  0.05400391]
 [ 0.0041956  -0.31083623]
 [-0.11103877 -0.41239873]
 [-0.09365234 -0.46943359]
 [-0.03505859 -0.36201172]
 [-0.09365234 -0.44208984]
 [-0.03505859 -0.23701172]
 [-0.09365234 -0.25849609]
 [-0.03115234 -0.24677734]
 [-0.17158565 -0.37724248]]"
38,"[[ 0.01181641 -0.17597656]
 [ 0.01572266 -0.12324219]
 [ 0.01767578 -0.06464844]
 [ 0.02158203  0.00957031]
 [-0.09365234  0.10136719]
 [-0.03896484 -0.15058594]
 [ 0.08212891  0.05644531]
 [-0.03505859  0.05839844]
 [-0.09365234  0.09355469]
 [ 0.06455078 -0.12324219]
 [ 0.01572266 -0.08027344]
 [ 0.01767578 -0.03730469]
 [ 0.02158203  0.02714844]
 [-0.03505859  0.07207031]
 [-0.09365234  0.11894531]
 [-0.03115234  0.16582031]
 [ 0.         -0.015625  ]
 [ 0.          0.015625  ]
 [-0.03580729  0.01497396]
 [ 0.07161458 -0.03580729]
 [-0.03580729  0.02083333]
 [ 0.01220703 -0.02636719]
 [ 0.01611328  0.02441406]
 [-0.04443359 -0.02246094]
 [ 0.01611328  0.02441406]
 [ 0.0065918  -0.07641602]
 [ 0.01245117 -0.01586914]
 [-0.0402832   0.04077148]
 [-0.09887695 -0.01196289]
 [ 0.0065918  -0.05688477]
 [ 0.01245117 -0.01196289]
 [ 0.01635742  0.01538086]
 [-0.09365234  0.08769531]
 [ 0.14072266  0.06035156]]","[[-0.17597656  0.36455078]
 [-0.12324219  0.34501953]
 [-0.06464844  0.30009766]
 [ 0.00957031  0.16533203]
 [ 0.10136719  0.20244141]
 [-0.15058594  0.44658203]
 [ 0.05644531  0.13212891]
 [ 0.05839844 -0.36201172]
 [ 0.09355469 -0.44208984]
 [-0.12324219  0.05400391]
 [-0.08027344  0.12041016]
 [-0.03730469  0.15361328]
 [ 0.02714844 -0.09833984]
 [ 0.07207031 -0.23701172]
 [ 0.11894531 -0.25849609]
 [ 0.16582031 -0.24677734]
 [-0.015625    0.0625    ]
 [ 0.015625   -0.0625    ]
 [ 0.01497396 -0.17057292]
 [-0.03580729  0.01497396]
 [ 0.02083333  0.15559896]
 [-0.02636719  0.04150391]
 [ 0.02441406 -0.02685547]
 [-0.02246094  0.04736328]
 [ 0.02441406 -0.06201172]
 [-0.07641602  0.23193359]
 [-0.01586914  0.11474609]
 [ 0.04077148  0.03271484]
 [-0.01196289  0.15771484]
 [-0.05688477  0.04052734]
 [-0.01196289 -0.10400391]
 [ 0.01538086 -0.29931641]
 [ 0.08769531 -0.46943359]
 [ 0.06035156  0.00126953]]","[[ 0.01181641  0.36455078]
 [ 0.01572266  0.34501953]
 [ 0.01767578  0.30009766]
 [ 0.02158203  0.16533203]
 [-0.09365234  0.20244141]
 [-0.03896484  0.44658203]
 [ 0.08212891  0.13212891]
 [-0.03505859 -0.36201172]
 [-0.09365234 -0.44208984]
 [ 0.06455078  0.05400391]
 [ 0.01572266  0.12041016]
 [ 0.01767578  0.15361328]
 [ 0.02158203 -0.09833984]
 [-0.03505859 -0.23701172]
 [-0.09365234 -0.25849609]
 [-0.03115234 -0.24677734]
 [ 0.          0.0625    ]
 [ 0.         -0.0625    ]
 [-0.03580729 -0.17057292]
 [ 0.07161458  0.01497396]
 [-0.03580729  0.15559896]
 [ 0.01220703  0.04150391]
 [ 0.01611328 -0.02685547]
 [-0.04443359  0.04736328]
 [ 0.01611328 -0.06201172]
 [ 0.0065918   0.23193359]
 [ 0.01245117  0.11474609]
 [-0.0402832   0.03271484]
 [-0.09887695  0.15771484]
 [ 0.0065918   0.04052734]
 [ 0.01245117 -0.10400391]
 [ 0.01635742 -0.29931641]
 [-0.09365234 -0.46943359]
 [ 0.14072266  0.00126953]]"
39,"[[ 0.17243304  0.09347098]
 [-0.00195312 -0.05859375]
 [ 0.         -0.02539062]
 [-0.00195312 -0.0078125 ]
 [ 0.          0.        ]
 [-0.01981027  0.03125   ]
 [ 0.03878348  0.07421875]
 [ 0.09933036  0.11328125]
 [ 0.10518973  0.16015625]
 [-0.06119792 -0.07769097]
 [-0.00260417 -0.02690972]
 [ 0.00130208  0.0219184 ]
 [-0.05338542  0.0687934 ]
 [-0.00260417 -0.01909722]
 [ 0.00130208  0.02777778]
 [ 0.06380208  0.06684028]
 [ 0.11458333  0.00434028]
 [ 0.         -0.16850142]
 [ 0.00390625 -0.07865767]
 [ 0.00976562 -0.02201705]
 [ 0.01367188  0.04243608]
 [ 0.01757812  0.10493608]
 [-0.046875   -0.06107955]
 [-0.04296875  0.0522017 ]
 [ 0.00390625 -0.04740767]
 [ 0.00976562  0.01118608]
 [ 0.11969866  0.06417411]
 [ 0.06696429  0.13643973]
 [-0.06119792 -0.06597222]]","[[ 0.09347098 -0.06529018]
 [-0.05859375  0.32851562]
 [-0.02539062  0.37929687]
 [-0.0078125   0.00039063]
 [ 0.          0.        ]
 [ 0.03125    -0.03264509]
 [ 0.07421875 -0.13225446]
 [ 0.11328125 -0.14592634]
 [ 0.16015625 -0.11272321]
 [-0.07769097  0.16341146]
 [-0.02690972  0.09505208]
 [ 0.0219184   0.07747396]
 [ 0.0687934   0.11458333]
 [-0.01909722 -0.12760417]
 [ 0.02777778 -0.06119792]
 [ 0.06684028 -0.15494792]
 [ 0.00434028  0.10677083]
 [-0.16850142  0.28852983]
 [-0.07865767  0.14790483]
 [-0.02201705  0.10493608]
 [ 0.04243608  0.01509233]
 [ 0.10493608 -0.14897017]
 [-0.06107955  0.27485795]
 [ 0.0522017  -0.0259233 ]
 [-0.04740767 -0.01420455]
 [ 0.01118608 -0.12357955]
 [ 0.06417411  0.21205357]
 [ 0.13643973  0.07533482]
 [-0.06597222 -0.21354167]]","[[ 0.17243304 -0.06529018]
 [-0.00195312  0.32851562]
 [ 0.          0.37929687]
 [-0.00195312  0.00039063]
 [ 0.          0.        ]
 [-0.01981027 -0.03264509]
 [ 0.03878348 -0.13225446]
 [ 0.09933036 -0.14592634]
 [ 0.10518973 -0.11272321]
 [-0.06119792  0.16341146]
 [-0.00260417  0.09505208]
 [ 0.00130208  0.07747396]
 [-0.05338542  0.11458333]
 [-0.00260417 -0.12760417]
 [ 0.00130208 -0.06119792]
 [ 0.06380208 -0.15494792]
 [ 0.11458333  0.10677083]
 [ 0.          0.28852983]
 [ 0.00390625  0.14790483]
 [ 0.00976562  0.10493608]
 [ 0.01367188  0.01509233]
 [ 0.01757812 -0.14897017]
 [-0.046875    0.27485795]
 [-0.04296875 -0.0259233 ]
 [ 0.00390625 -0.01420455]
 [ 0.00976562 -0.12357955]
 [ 0.11969866  0.21205357]
 [ 0.06696429  0.07533482]
 [-0.06119792 -0.21354167]]"
